Complexity,Loss,Equation
1,284.53622,"x0"
3,0.125,"x0 ^ 1.4809039"
4,0.124210164,"exp(x0) * 0.00058205496"
5,0.0,"(x0 * 3.435) + -2.935"
