Complexity,Loss,Equation
1,6109.7676,"78.74504"
3,0.08820001,"x0 ^ 2.1083791"
5,0.0,"(x0 * 15.633) + -15.053"
