CNF written.
CNF written.
CNF written.
CNF written.
CNF written.
CNF written.
CNF written.
CNF written.
CNF written.
CNF written.
CNF written.
CNF written.
CNF written.
CNF written.
CNF written.
CNF written.
CNF written.
CNF written.
CNF written.
CNF written.
CNF written.
CNF written.
CNF written.
CNF written.
CNF written.
CNF written.
CNF written.
CNF written.
CNF written.
CNF written.
CNF written.
CNF written.
CNF written.
CNF written.
CNF written.
CNF written.
CNF written.
CNF written.
CNF written.
CNF written.
CNF written.
CNF written.
CNF written.
CNF written.
CNF written.
CNF written.
CNF written.
CNF written.
CNF written.
CNF written.
CNF written.
CNF written.
CNF written.
CNF written.
CNF written.
CNF written.
CNF written.
CNF written.
CNF written.
CNF written.
CNF written.
CNF written.
CNF written.
CNF written.
CNF written.
CNF written.
CNF written.
CNF written.
CNF written.
CNF written.
CNF written.
CNF written.
CNF written.
CNF written.
CNF written.
CNF written.
CNF written.
CNF written.
CNF written.
CNF written.
CNF written.
CNF written.
CNF written.
CNF written.
CNF written.
CNF written.
CNF written.
CNF written.
CNF written.
CNF written.
CNF written.
CNF written.
CNF written.
CNF written.
CNF written.
CNF written.
CNF written.
CNF written.
CNF written.
CNF written.
CNF written.
CNF written.
CNF written.
CNF written.
CNF written.
CNF written.
CNF written.
CNF written.
CNF written.
CNF written.
CNF written.
CNF written.
CNF written.
CNF written.
CNF written.
CNF written.
CNF written.
CNF written.
CNF written.
CNF written.
CNF written.
CNF written.
CNF written.
CNF written.
CNF written.
CNF written.
CNF written.
CNF written.
CNF written.
CNF written.
CNF written.
CNF written.
CNF written.
CNF written.
CNF written.
CNF written.
CNF written.
CNF written.
CNF written.
CNF written.
CNF written.
CNF written.
CNF written.
CNF written.
CNF written.
CNF written.
CNF written.
CNF written.
CNF written.
CNF written.
CNF written.
CNF written.
CNF written.
CNF written.
CNF written.
CNF written.
CNF written.
CNF written.
CNF written.
CNF written.
CNF written.
CNF written.
CNF written.
CNF written.
CNF written.
CNF written.
CNF written.
CNF written.
CNF written.
CNF written.
CNF written.
CNF written.
CNF written.
CNF written.
CNF written.
CNF written.
CNF written.
CNF written.
CNF written.
CNF written.
CNF written.
CNF written.
CNF written.
CNF written.
CNF written.
CNF written.
CNF written.
CNF written.
CNF written.
CNF written.
CNF written.
CNF written.
CNF written.
CNF written.
CNF written.
CNF written.
CNF written.
CNF written.
CNF written.
CNF written.
CNF written.
CNF written.
CNF written.
CNF written.
CNF written.
CNF written.
CNF written.
CNF written.
CNF written.
CNF written.
CNF written.
CNF written.
CNF written.
CNF written.
CNF written.
CNF written.
CNF written.
CNF written.
CNF written.
CNF written.
CNF written.
CNF written.
CNF written.
CNF written.
CNF written.
CNF written.
CNF written.
CNF written.
CNF written.
CNF written.
CNF written.
CNF written.
CNF written.
CNF written.
CNF written.
CNF written.
CNF written.
CNF written.
CNF written.
CNF written.
CNF written.
CNF written.
CNF written.
CNF written.
CNF written.
CNF written.
CNF written.
CNF written.
CNF written.
CNF written.
CNF written.
CNF written.
CNF written.
CNF written.
CNF written.
CNF written.
CNF written.
CNF written.
CNF written.
CNF written.
CNF written.
CNF written.
CNF written.
CNF written.
CNF written.
CNF written.
CNF written.
CNF written.
CNF written.
CNF written.
CNF written.
CNF written.
CNF written.
CNF written.
CNF written.
CNF written.
CNF written.
CNF written.
CNF written.
CNF written.
CNF written.
CNF written.
CNF written.
CNF written.
CNF written.
CNF written.
CNF written.
CNF written.
CNF written.
CNF written.
CNF written.
CNF written.
CNF written.
CNF written.
CNF written.
CNF written.
CNF written.
CNF written.
CNF written.
CNF written.
CNF written.
CNF written.
CNF written.
CNF written.
CNF written.
CNF written.
CNF written.
CNF written.
CNF written.
CNF written.
CNF written.
CNF written.
CNF written.
CNF written.
CNF written.
CNF written.
CNF written.
CNF written.
CNF written.
CNF written.
CNF written.
CNF written.
CNF written.
CNF written.
CNF written.
CNF written.
CNF written.
CNF written.
CNF written.
CNF written.
CNF written.
CNF written.
CNF written.
CNF written.
CNF written.
CNF written.
CNF written.
CNF written.
CNF written.
CNF written.
CNF written.
CNF written.
CNF written.
CNF written.
CNF written.
CNF written.
CNF written.
CNF written.
CNF written.
CNF written.
CNF written.
CNF written.
CNF written.
CNF written.
CNF written.
CNF written.
CNF written.
CNF written.
CNF written.
CNF written.
CNF written.
CNF written.
CNF written.
CNF written.
CNF written.
CNF written.
CNF written.
CNF written.
CNF written.
CNF written.
CNF written.
CNF written.
CNF written.
CNF written.
CNF written.
CNF written.
CNF written.
CNF written.
CNF written.
CNF written.
CNF written.
CNF written.
CNF written.
CNF written.
CNF written.
CNF written.
CNF written.
CNF written.
CNF written.
CNF written.
CNF written.
CNF written.
CNF written.
CNF written.
CNF written.
CNF written.
CNF written.
CNF written.
CNF written.
CNF written.
CNF written.
CNF written.
CNF written.
CNF written.
CNF written.
CNF written.
CNF written.
CNF written.
CNF written.
CNF written.
CNF written.
CNF written.
CNF written.
CNF written.
CNF written.
CNF written.
CNF written.
CNF written.
CNF written.
CNF written.
CNF written.
CNF written.
CNF written.
CNF written.
CNF written.
CNF written.
CNF written.
CNF written.
CNF written.
CNF written.
CNF written.
CNF written.
CNF written.
CNF written.
CNF written.
CNF written.
CNF written.
CNF written.
CNF written.
CNF written.
CNF written.
CNF written.
CNF written.
CNF written.
CNF written.
CNF written.
CNF written.
CNF written.
CNF written.
CNF written.
CNF written.
CNF written.
CNF written.
CNF written.
CNF written.
CNF written.
CNF written.
CNF written.
CNF written.
CNF written.
CNF written.
CNF written.
CNF written.
CNF written.
CNF written.
CNF written.
CNF written.
CNF written.
CNF written.
CNF written.
CNF written.
CNF written.
CNF written.
CNF written.
CNF written.
CNF written.
CNF written.
CNF written.
CNF written.
CNF written.
CNF written.
CNF written.
CNF written.
CNF written.
CNF written.
CNF written.
CNF written.
CNF written.
CNF written.
CNF written.
CNF written.
CNF written.
CNF written.
CNF written.
CNF written.
CNF written.
CNF written.
CNF written.
CNF written.
CNF written.
[2025-12-12 07:13:45] [generate_and_run_up_to_limit] Generating and running qspiflash_dualflexpress_divthree-p158 with K<=500 up to limit 1600
[2025-12-12 07:13:45] [generate_cnf] Generating formula qspiflash_dualflexpress_divthree-p158 with K=1
[2025-12-12 07:13:45] [run_formula] Running formula qspiflash_dualflexpress_divthree-p158 with K=1 up to limit 1600
[2025-12-12 07:13:45] [generate_cnf] Generating formula qspiflash_dualflexpress_divthree-p158 with K=2
[2025-12-12 07:13:45] [run_formula] Running formula qspiflash_dualflexpress_divthree-p158 with K=2 up to limit 1600
[2025-12-12 07:13:45] [generate_cnf] Generating formula qspiflash_dualflexpress_divthree-p158 with K=3
[2025-12-12 07:13:45] [run_formula] Running formula qspiflash_dualflexpress_divthree-p158 with K=3 up to limit 1600
[2025-12-12 07:13:46] [generate_cnf] Generating formula qspiflash_dualflexpress_divthree-p158 with K=4
[2025-12-12 07:13:46] [run_formula] Running formula qspiflash_dualflexpress_divthree-p158 with K=4 up to limit 1600
[2025-12-12 07:13:46] [generate_cnf] Generating formula qspiflash_dualflexpress_divthree-p158 with K=5
[2025-12-12 07:13:46] [run_formula] Running formula qspiflash_dualflexpress_divthree-p158 with K=5 up to limit 1600
[2025-12-12 07:13:46] [generate_cnf] Generating formula qspiflash_dualflexpress_divthree-p158 with K=6
[2025-12-12 07:13:46] [run_formula] Running formula qspiflash_dualflexpress_divthree-p158 with K=6 up to limit 1600
[2025-12-12 07:13:46] [generate_cnf] Generating formula qspiflash_dualflexpress_divthree-p158 with K=7
[2025-12-12 07:13:46] [run_formula] Running formula qspiflash_dualflexpress_divthree-p158 with K=7 up to limit 1600
[2025-12-12 07:13:46] [generate_cnf] Generating formula qspiflash_dualflexpress_divthree-p158 with K=8
[2025-12-12 07:13:46] [run_formula] Running formula qspiflash_dualflexpress_divthree-p158 with K=8 up to limit 1600
[2025-12-12 07:13:46] [generate_cnf] Generating formula qspiflash_dualflexpress_divthree-p158 with K=9
[2025-12-12 07:13:46] [run_formula] Running formula qspiflash_dualflexpress_divthree-p158 with K=9 up to limit 1600
[2025-12-12 07:13:46] [generate_cnf] Generating formula qspiflash_dualflexpress_divthree-p158 with K=10
[2025-12-12 07:13:46] [run_formula] Running formula qspiflash_dualflexpress_divthree-p158 with K=10 up to limit 1600
[2025-12-12 07:13:46] [generate_cnf] Generating formula qspiflash_dualflexpress_divthree-p158 with K=11
[2025-12-12 07:13:46] [run_formula] Running formula qspiflash_dualflexpress_divthree-p158 with K=11 up to limit 1600
[2025-12-12 07:13:46] [generate_cnf] Generating formula qspiflash_dualflexpress_divthree-p158 with K=12
[2025-12-12 07:13:47] [run_formula] Running formula qspiflash_dualflexpress_divthree-p158 with K=12 up to limit 1600
[2025-12-12 07:13:47] [generate_cnf] Generating formula qspiflash_dualflexpress_divthree-p158 with K=13
[2025-12-12 07:13:47] [run_formula] Running formula qspiflash_dualflexpress_divthree-p158 with K=13 up to limit 1600
[2025-12-12 07:13:47] [generate_cnf] Generating formula qspiflash_dualflexpress_divthree-p158 with K=14
[2025-12-12 07:13:47] [run_formula] Running formula qspiflash_dualflexpress_divthree-p158 with K=14 up to limit 1600
[2025-12-12 07:13:47] [generate_cnf] Generating formula qspiflash_dualflexpress_divthree-p158 with K=15
[2025-12-12 07:13:47] [run_formula] Running formula qspiflash_dualflexpress_divthree-p158 with K=15 up to limit 1600
[2025-12-12 07:13:47] [generate_cnf] Generating formula qspiflash_dualflexpress_divthree-p158 with K=16
[2025-12-12 07:13:47] [run_formula] Running formula qspiflash_dualflexpress_divthree-p158 with K=16 up to limit 1600
[2025-12-12 07:13:47] [generate_cnf] Generating formula qspiflash_dualflexpress_divthree-p158 with K=17
[2025-12-12 07:13:48] [run_formula] Running formula qspiflash_dualflexpress_divthree-p158 with K=17 up to limit 1600
[2025-12-12 07:13:48] [generate_cnf] Generating formula qspiflash_dualflexpress_divthree-p158 with K=18
[2025-12-12 07:13:48] [run_formula] Running formula qspiflash_dualflexpress_divthree-p158 with K=18 up to limit 1600
[2025-12-12 07:13:48] [generate_cnf] Generating formula qspiflash_dualflexpress_divthree-p158 with K=19
[2025-12-12 07:13:48] [run_formula] Running formula qspiflash_dualflexpress_divthree-p158 with K=19 up to limit 1600
[2025-12-12 07:13:48] [generate_cnf] Generating formula qspiflash_dualflexpress_divthree-p158 with K=20
[2025-12-12 07:13:48] [run_formula] Running formula qspiflash_dualflexpress_divthree-p158 with K=20 up to limit 1600
[2025-12-12 07:13:48] [generate_cnf] Generating formula qspiflash_dualflexpress_divthree-p158 with K=21
[2025-12-12 07:13:49] [run_formula] Running formula qspiflash_dualflexpress_divthree-p158 with K=21 up to limit 1600
[2025-12-12 07:13:49] [generate_cnf] Generating formula qspiflash_dualflexpress_divthree-p158 with K=22
[2025-12-12 07:13:49] [run_formula] Running formula qspiflash_dualflexpress_divthree-p158 with K=22 up to limit 1600
[2025-12-12 07:13:49] [generate_cnf] Generating formula qspiflash_dualflexpress_divthree-p158 with K=23
[2025-12-12 07:13:49] [run_formula] Running formula qspiflash_dualflexpress_divthree-p158 with K=23 up to limit 1600
[2025-12-12 07:13:49] [generate_cnf] Generating formula qspiflash_dualflexpress_divthree-p158 with K=24
[2025-12-12 07:13:50] [run_formula] Running formula qspiflash_dualflexpress_divthree-p158 with K=24 up to limit 1600
[2025-12-12 07:13:50] [generate_cnf] Generating formula qspiflash_dualflexpress_divthree-p158 with K=25
[2025-12-12 07:13:50] [run_formula] Running formula qspiflash_dualflexpress_divthree-p158 with K=25 up to limit 1600
[2025-12-12 07:13:50] [generate_cnf] Generating formula qspiflash_dualflexpress_divthree-p158 with K=26
[2025-12-12 07:13:50] [run_formula] Running formula qspiflash_dualflexpress_divthree-p158 with K=26 up to limit 1600
[2025-12-12 07:13:50] [generate_cnf] Generating formula qspiflash_dualflexpress_divthree-p158 with K=27
[2025-12-12 07:13:51] [run_formula] Running formula qspiflash_dualflexpress_divthree-p158 with K=27 up to limit 1600
[2025-12-12 07:13:51] [generate_cnf] Generating formula qspiflash_dualflexpress_divthree-p158 with K=28
[2025-12-12 07:13:51] [run_formula] Running formula qspiflash_dualflexpress_divthree-p158 with K=28 up to limit 1600
[2025-12-12 07:13:51] [generate_cnf] Generating formula qspiflash_dualflexpress_divthree-p158 with K=29
[2025-12-12 07:13:51] [run_formula] Running formula qspiflash_dualflexpress_divthree-p158 with K=29 up to limit 1600
[2025-12-12 07:13:52] [generate_cnf] Generating formula qspiflash_dualflexpress_divthree-p158 with K=30
[2025-12-12 07:13:52] [run_formula] Running formula qspiflash_dualflexpress_divthree-p158 with K=30 up to limit 1600
[2025-12-12 07:13:52] [generate_cnf] Generating formula qspiflash_dualflexpress_divthree-p158 with K=31
[2025-12-12 07:13:52] [run_formula] Running formula qspiflash_dualflexpress_divthree-p158 with K=31 up to limit 1600
[2025-12-12 07:13:53] [generate_cnf] Generating formula qspiflash_dualflexpress_divthree-p158 with K=32
[2025-12-12 07:13:53] [run_formula] Running formula qspiflash_dualflexpress_divthree-p158 with K=32 up to limit 1600
[2025-12-12 07:13:53] [generate_cnf] Generating formula qspiflash_dualflexpress_divthree-p158 with K=33
[2025-12-12 07:13:53] [run_formula] Running formula qspiflash_dualflexpress_divthree-p158 with K=33 up to limit 1600
[2025-12-12 07:13:54] [generate_cnf] Generating formula qspiflash_dualflexpress_divthree-p158 with K=34
[2025-12-12 07:13:54] [run_formula] Running formula qspiflash_dualflexpress_divthree-p158 with K=34 up to limit 1600
[2025-12-12 07:13:54] [generate_cnf] Generating formula qspiflash_dualflexpress_divthree-p158 with K=35
[2025-12-12 07:13:54] [run_formula] Running formula qspiflash_dualflexpress_divthree-p158 with K=35 up to limit 1600
[2025-12-12 07:13:55] [generate_cnf] Generating formula qspiflash_dualflexpress_divthree-p158 with K=36
[2025-12-12 07:13:55] [run_formula] Running formula qspiflash_dualflexpress_divthree-p158 with K=36 up to limit 1600
[2025-12-12 07:13:55] [generate_cnf] Generating formula qspiflash_dualflexpress_divthree-p158 with K=37
[2025-12-12 07:13:56] [run_formula] Running formula qspiflash_dualflexpress_divthree-p158 with K=37 up to limit 1600
[2025-12-12 07:13:56] [generate_cnf] Generating formula qspiflash_dualflexpress_divthree-p158 with K=38
[2025-12-12 07:13:56] [run_formula] Running formula qspiflash_dualflexpress_divthree-p158 with K=38 up to limit 1600
[2025-12-12 07:13:56] [generate_cnf] Generating formula qspiflash_dualflexpress_divthree-p158 with K=39
[2025-12-12 07:13:57] [run_formula] Running formula qspiflash_dualflexpress_divthree-p158 with K=39 up to limit 1600
[2025-12-12 07:13:57] [generate_cnf] Generating formula qspiflash_dualflexpress_divthree-p158 with K=40
[2025-12-12 07:13:57] [run_formula] Running formula qspiflash_dualflexpress_divthree-p158 with K=40 up to limit 1600
[2025-12-12 07:13:58] [generate_cnf] Generating formula qspiflash_dualflexpress_divthree-p158 with K=41
[2025-12-12 07:13:58] [run_formula] Running formula qspiflash_dualflexpress_divthree-p158 with K=41 up to limit 1600
[2025-12-12 07:13:58] [generate_cnf] Generating formula qspiflash_dualflexpress_divthree-p158 with K=42
[2025-12-12 07:13:59] [run_formula] Running formula qspiflash_dualflexpress_divthree-p158 with K=42 up to limit 1600
[2025-12-12 07:13:59] [generate_cnf] Generating formula qspiflash_dualflexpress_divthree-p158 with K=43
[2025-12-12 07:13:59] [run_formula] Running formula qspiflash_dualflexpress_divthree-p158 with K=43 up to limit 1600
[2025-12-12 07:14:00] [generate_cnf] Generating formula qspiflash_dualflexpress_divthree-p158 with K=44
[2025-12-12 07:14:00] [run_formula] Running formula qspiflash_dualflexpress_divthree-p158 with K=44 up to limit 1600
[2025-12-12 07:14:00] [generate_cnf] Generating formula qspiflash_dualflexpress_divthree-p158 with K=45
[2025-12-12 07:14:01] [run_formula] Running formula qspiflash_dualflexpress_divthree-p158 with K=45 up to limit 1600
[2025-12-12 07:14:01] [generate_cnf] Generating formula qspiflash_dualflexpress_divthree-p158 with K=46
[2025-12-12 07:14:01] [run_formula] Running formula qspiflash_dualflexpress_divthree-p158 with K=46 up to limit 1600
[2025-12-12 07:14:02] [generate_cnf] Generating formula qspiflash_dualflexpress_divthree-p158 with K=47
[2025-12-12 07:14:02] [run_formula] Running formula qspiflash_dualflexpress_divthree-p158 with K=47 up to limit 1600
[2025-12-12 07:14:02] [generate_cnf] Generating formula qspiflash_dualflexpress_divthree-p158 with K=48
[2025-12-12 07:14:03] [run_formula] Running formula qspiflash_dualflexpress_divthree-p158 with K=48 up to limit 1600
[2025-12-12 07:14:03] [generate_cnf] Generating formula qspiflash_dualflexpress_divthree-p158 with K=49
[2025-12-12 07:14:03] [run_formula] Running formula qspiflash_dualflexpress_divthree-p158 with K=49 up to limit 1600
[2025-12-12 07:14:04] [generate_cnf] Generating formula qspiflash_dualflexpress_divthree-p158 with K=50
[2025-12-12 07:14:04] [run_formula] Running formula qspiflash_dualflexpress_divthree-p158 with K=50 up to limit 1600
[2025-12-12 07:14:05] [generate_cnf] Generating formula qspiflash_dualflexpress_divthree-p158 with K=51
[2025-12-12 07:14:05] [run_formula] Running formula qspiflash_dualflexpress_divthree-p158 with K=51 up to limit 1600
[2025-12-12 07:14:05] [generate_cnf] Generating formula qspiflash_dualflexpress_divthree-p158 with K=52
[2025-12-12 07:14:06] [run_formula] Running formula qspiflash_dualflexpress_divthree-p158 with K=52 up to limit 1600
[2025-12-12 07:14:06] [generate_cnf] Generating formula qspiflash_dualflexpress_divthree-p158 with K=53
[2025-12-12 07:14:07] [run_formula] Running formula qspiflash_dualflexpress_divthree-p158 with K=53 up to limit 1600
[2025-12-12 07:14:07] [generate_cnf] Generating formula qspiflash_dualflexpress_divthree-p158 with K=54
[2025-12-12 07:14:08] [run_formula] Running formula qspiflash_dualflexpress_divthree-p158 with K=54 up to limit 1600
[2025-12-12 07:14:08] [generate_cnf] Generating formula qspiflash_dualflexpress_divthree-p158 with K=55
[2025-12-12 07:14:08] [run_formula] Running formula qspiflash_dualflexpress_divthree-p158 with K=55 up to limit 1600
[2025-12-12 07:14:09] [generate_cnf] Generating formula qspiflash_dualflexpress_divthree-p158 with K=56
[2025-12-12 07:14:09] [run_formula] Running formula qspiflash_dualflexpress_divthree-p158 with K=56 up to limit 1600
[2025-12-12 07:14:10] [generate_cnf] Generating formula qspiflash_dualflexpress_divthree-p158 with K=57
[2025-12-12 07:14:10] [run_formula] Running formula qspiflash_dualflexpress_divthree-p158 with K=57 up to limit 1600
[2025-12-12 07:14:11] [generate_cnf] Generating formula qspiflash_dualflexpress_divthree-p158 with K=58
[2025-12-12 07:14:11] [run_formula] Running formula qspiflash_dualflexpress_divthree-p158 with K=58 up to limit 1600
[2025-12-12 07:14:12] [generate_cnf] Generating formula qspiflash_dualflexpress_divthree-p158 with K=59
[2025-12-12 07:14:12] [run_formula] Running formula qspiflash_dualflexpress_divthree-p158 with K=59 up to limit 1600
[2025-12-12 07:14:13] [generate_cnf] Generating formula qspiflash_dualflexpress_divthree-p158 with K=60
[2025-12-12 07:14:13] [run_formula] Running formula qspiflash_dualflexpress_divthree-p158 with K=60 up to limit 1600
[2025-12-12 07:14:14] [generate_cnf] Generating formula qspiflash_dualflexpress_divthree-p158 with K=61
[2025-12-12 07:14:14] [run_formula] Running formula qspiflash_dualflexpress_divthree-p158 with K=61 up to limit 1600
[2025-12-12 07:14:15] [generate_cnf] Generating formula qspiflash_dualflexpress_divthree-p158 with K=62
[2025-12-12 07:14:15] [run_formula] Running formula qspiflash_dualflexpress_divthree-p158 with K=62 up to limit 1600
[2025-12-12 07:14:16] [generate_cnf] Generating formula qspiflash_dualflexpress_divthree-p158 with K=63
[2025-12-12 07:14:16] [run_formula] Running formula qspiflash_dualflexpress_divthree-p158 with K=63 up to limit 1600
[2025-12-12 07:14:17] [generate_cnf] Generating formula qspiflash_dualflexpress_divthree-p158 with K=64
[2025-12-12 07:14:18] [run_formula] Running formula qspiflash_dualflexpress_divthree-p158 with K=64 up to limit 1600
[2025-12-12 07:14:19] [generate_cnf] Generating formula qspiflash_dualflexpress_divthree-p158 with K=65
[2025-12-12 07:14:20] [run_formula] Running formula qspiflash_dualflexpress_divthree-p158 with K=65 up to limit 1600
[2025-12-12 07:14:20] [generate_cnf] Generating formula qspiflash_dualflexpress_divthree-p158 with K=66
[2025-12-12 07:14:21] [run_formula] Running formula qspiflash_dualflexpress_divthree-p158 with K=66 up to limit 1600
[2025-12-12 07:14:21] [generate_cnf] Generating formula qspiflash_dualflexpress_divthree-p158 with K=67
[2025-12-12 07:14:22] [run_formula] Running formula qspiflash_dualflexpress_divthree-p158 with K=67 up to limit 1600
[2025-12-12 07:14:22] [generate_cnf] Generating formula qspiflash_dualflexpress_divthree-p158 with K=68
[2025-12-12 07:14:23] [run_formula] Running formula qspiflash_dualflexpress_divthree-p158 with K=68 up to limit 1600
[2025-12-12 07:14:24] [generate_cnf] Generating formula qspiflash_dualflexpress_divthree-p158 with K=69
[2025-12-12 07:14:25] [run_formula] Running formula qspiflash_dualflexpress_divthree-p158 with K=69 up to limit 1600
[2025-12-12 07:14:25] [generate_cnf] Generating formula qspiflash_dualflexpress_divthree-p158 with K=70
[2025-12-12 07:14:26] [run_formula] Running formula qspiflash_dualflexpress_divthree-p158 with K=70 up to limit 1600
[2025-12-12 07:14:26] [generate_cnf] Generating formula qspiflash_dualflexpress_divthree-p158 with K=71
[2025-12-12 07:14:27] [run_formula] Running formula qspiflash_dualflexpress_divthree-p158 with K=71 up to limit 1600
[2025-12-12 07:14:27] [generate_cnf] Generating formula qspiflash_dualflexpress_divthree-p158 with K=72
[2025-12-12 07:14:28] [run_formula] Running formula qspiflash_dualflexpress_divthree-p158 with K=72 up to limit 1600
[2025-12-12 07:14:29] [generate_cnf] Generating formula qspiflash_dualflexpress_divthree-p158 with K=73
[2025-12-12 07:14:29] [run_formula] Running formula qspiflash_dualflexpress_divthree-p158 with K=73 up to limit 1600
[2025-12-12 07:14:30] [generate_cnf] Generating formula qspiflash_dualflexpress_divthree-p158 with K=74
[2025-12-12 07:14:30] [run_formula] Running formula qspiflash_dualflexpress_divthree-p158 with K=74 up to limit 1600
[2025-12-12 07:14:31] [generate_cnf] Generating formula qspiflash_dualflexpress_divthree-p158 with K=75
[2025-12-12 07:14:32] [run_formula] Running formula qspiflash_dualflexpress_divthree-p158 with K=75 up to limit 1600
[2025-12-12 07:14:32] [generate_cnf] Generating formula qspiflash_dualflexpress_divthree-p158 with K=76
[2025-12-12 07:14:33] [run_formula] Running formula qspiflash_dualflexpress_divthree-p158 with K=76 up to limit 1600
[2025-12-12 07:14:34] [generate_cnf] Generating formula qspiflash_dualflexpress_divthree-p158 with K=77
[2025-12-12 07:14:34] [run_formula] Running formula qspiflash_dualflexpress_divthree-p158 with K=77 up to limit 1600
[2025-12-12 07:14:35] [generate_cnf] Generating formula qspiflash_dualflexpress_divthree-p158 with K=78
[2025-12-12 07:14:36] [run_formula] Running formula qspiflash_dualflexpress_divthree-p158 with K=78 up to limit 1600
[2025-12-12 07:14:37] [generate_cnf] Generating formula qspiflash_dualflexpress_divthree-p158 with K=79
[2025-12-12 07:14:38] [run_formula] Running formula qspiflash_dualflexpress_divthree-p158 with K=79 up to limit 1600
[2025-12-12 07:14:39] [generate_cnf] Generating formula qspiflash_dualflexpress_divthree-p158 with K=80
[2025-12-12 07:14:39] [run_formula] Running formula qspiflash_dualflexpress_divthree-p158 with K=80 up to limit 1600
[2025-12-12 07:14:40] [generate_cnf] Generating formula qspiflash_dualflexpress_divthree-p158 with K=81
[2025-12-12 07:14:40] [run_formula] Running formula qspiflash_dualflexpress_divthree-p158 with K=81 up to limit 1600
[2025-12-12 07:14:41] [generate_cnf] Generating formula qspiflash_dualflexpress_divthree-p158 with K=82
[2025-12-12 07:14:42] [run_formula] Running formula qspiflash_dualflexpress_divthree-p158 with K=82 up to limit 1600
[2025-12-12 07:14:42] [generate_cnf] Generating formula qspiflash_dualflexpress_divthree-p158 with K=83
[2025-12-12 07:14:43] [run_formula] Running formula qspiflash_dualflexpress_divthree-p158 with K=83 up to limit 1600
[2025-12-12 07:14:44] [generate_cnf] Generating formula qspiflash_dualflexpress_divthree-p158 with K=84
[2025-12-12 07:14:44] [run_formula] Running formula qspiflash_dualflexpress_divthree-p158 with K=84 up to limit 1600
[2025-12-12 07:14:45] [generate_cnf] Generating formula qspiflash_dualflexpress_divthree-p158 with K=85
[2025-12-12 07:14:46] [run_formula] Running formula qspiflash_dualflexpress_divthree-p158 with K=85 up to limit 1600
[2025-12-12 07:14:46] [generate_cnf] Generating formula qspiflash_dualflexpress_divthree-p158 with K=86
[2025-12-12 07:14:47] [run_formula] Running formula qspiflash_dualflexpress_divthree-p158 with K=86 up to limit 1600
[2025-12-12 07:14:48] [generate_cnf] Generating formula qspiflash_dualflexpress_divthree-p158 with K=87
[2025-12-12 07:14:49] [run_formula] Running formula qspiflash_dualflexpress_divthree-p158 with K=87 up to limit 1600
[2025-12-12 07:14:49] [generate_cnf] Generating formula qspiflash_dualflexpress_divthree-p158 with K=88
[2025-12-12 07:14:50] [run_formula] Running formula qspiflash_dualflexpress_divthree-p158 with K=88 up to limit 1600
[2025-12-12 07:14:51] [generate_cnf] Generating formula qspiflash_dualflexpress_divthree-p158 with K=89
[2025-12-12 07:14:51] [run_formula] Running formula qspiflash_dualflexpress_divthree-p158 with K=89 up to limit 1600
[2025-12-12 07:14:52] [generate_cnf] Generating formula qspiflash_dualflexpress_divthree-p158 with K=90
[2025-12-12 07:14:53] [run_formula] Running formula qspiflash_dualflexpress_divthree-p158 with K=90 up to limit 1600
[2025-12-12 07:14:53] [generate_cnf] Generating formula qspiflash_dualflexpress_divthree-p158 with K=91
[2025-12-12 07:14:54] [run_formula] Running formula qspiflash_dualflexpress_divthree-p158 with K=91 up to limit 1600
[2025-12-12 07:14:55] [generate_cnf] Generating formula qspiflash_dualflexpress_divthree-p158 with K=92
[2025-12-12 07:14:56] [run_formula] Running formula qspiflash_dualflexpress_divthree-p158 with K=92 up to limit 1600
[2025-12-12 07:14:56] [generate_cnf] Generating formula qspiflash_dualflexpress_divthree-p158 with K=93
[2025-12-12 07:14:57] [run_formula] Running formula qspiflash_dualflexpress_divthree-p158 with K=93 up to limit 1600
[2025-12-12 07:14:58] [generate_cnf] Generating formula qspiflash_dualflexpress_divthree-p158 with K=94
[2025-12-12 07:14:59] [run_formula] Running formula qspiflash_dualflexpress_divthree-p158 with K=94 up to limit 1600
[2025-12-12 07:14:59] [generate_cnf] Generating formula qspiflash_dualflexpress_divthree-p158 with K=95
[2025-12-12 07:15:00] [run_formula] Running formula qspiflash_dualflexpress_divthree-p158 with K=95 up to limit 1600
[2025-12-12 07:15:01] [generate_cnf] Generating formula qspiflash_dualflexpress_divthree-p158 with K=96
[2025-12-12 07:15:02] [run_formula] Running formula qspiflash_dualflexpress_divthree-p158 with K=96 up to limit 1600
[2025-12-12 07:15:03] [generate_cnf] Generating formula qspiflash_dualflexpress_divthree-p158 with K=97
[2025-12-12 07:15:03] [run_formula] Running formula qspiflash_dualflexpress_divthree-p158 with K=97 up to limit 1600
[2025-12-12 07:15:04] [generate_cnf] Generating formula qspiflash_dualflexpress_divthree-p158 with K=98
[2025-12-12 07:15:05] [run_formula] Running formula qspiflash_dualflexpress_divthree-p158 with K=98 up to limit 1600
[2025-12-12 07:15:06] [generate_cnf] Generating formula qspiflash_dualflexpress_divthree-p158 with K=99
[2025-12-12 07:15:07] [run_formula] Running formula qspiflash_dualflexpress_divthree-p158 with K=99 up to limit 1600
[2025-12-12 07:15:09] [generate_cnf] Generating formula qspiflash_dualflexpress_divthree-p158 with K=100
[2025-12-12 07:15:09] [run_formula] Running formula qspiflash_dualflexpress_divthree-p158 with K=100 up to limit 1600
[2025-12-12 07:15:10] [generate_cnf] Generating formula qspiflash_dualflexpress_divthree-p158 with K=101
[2025-12-12 07:15:11] [run_formula] Running formula qspiflash_dualflexpress_divthree-p158 with K=101 up to limit 1600
[2025-12-12 07:15:12] [generate_cnf] Generating formula qspiflash_dualflexpress_divthree-p158 with K=102
[2025-12-12 07:15:13] [run_formula] Running formula qspiflash_dualflexpress_divthree-p158 with K=102 up to limit 1600
[2025-12-12 07:15:14] [generate_cnf] Generating formula qspiflash_dualflexpress_divthree-p158 with K=103
[2025-12-12 07:15:15] [run_formula] Running formula qspiflash_dualflexpress_divthree-p158 with K=103 up to limit 1600
[2025-12-12 07:15:16] [generate_cnf] Generating formula qspiflash_dualflexpress_divthree-p158 with K=104
[2025-12-12 07:15:17] [run_formula] Running formula qspiflash_dualflexpress_divthree-p158 with K=104 up to limit 1600
[2025-12-12 07:15:17] [generate_cnf] Generating formula qspiflash_dualflexpress_divthree-p158 with K=105
[2025-12-12 07:15:18] [run_formula] Running formula qspiflash_dualflexpress_divthree-p158 with K=105 up to limit 1600
[2025-12-12 07:15:20] [generate_cnf] Generating formula qspiflash_dualflexpress_divthree-p158 with K=106
[2025-12-12 07:15:21] [run_formula] Running formula qspiflash_dualflexpress_divthree-p158 with K=106 up to limit 1600
[2025-12-12 07:15:22] [generate_cnf] Generating formula qspiflash_dualflexpress_divthree-p158 with K=107
[2025-12-12 07:15:23] [run_formula] Running formula qspiflash_dualflexpress_divthree-p158 with K=107 up to limit 1600
[2025-12-12 07:15:24] [generate_cnf] Generating formula qspiflash_dualflexpress_divthree-p158 with K=108
[2025-12-12 07:15:25] [run_formula] Running formula qspiflash_dualflexpress_divthree-p158 with K=108 up to limit 1600
[2025-12-12 07:15:26] [generate_cnf] Generating formula qspiflash_dualflexpress_divthree-p158 with K=109
[2025-12-12 07:15:26] [run_formula] Running formula qspiflash_dualflexpress_divthree-p158 with K=109 up to limit 1600
[2025-12-12 07:15:27] [generate_cnf] Generating formula qspiflash_dualflexpress_divthree-p158 with K=110
[2025-12-12 07:15:28] [run_formula] Running formula qspiflash_dualflexpress_divthree-p158 with K=110 up to limit 1600
[2025-12-12 07:15:29] [generate_cnf] Generating formula qspiflash_dualflexpress_divthree-p158 with K=111
[2025-12-12 07:15:30] [run_formula] Running formula qspiflash_dualflexpress_divthree-p158 with K=111 up to limit 1600
[2025-12-12 07:15:33] [generate_cnf] Generating formula qspiflash_dualflexpress_divthree-p158 with K=112
[2025-12-12 07:15:34] [run_formula] Running formula qspiflash_dualflexpress_divthree-p158 with K=112 up to limit 1600
[2025-12-12 07:15:34] [generate_cnf] Generating formula qspiflash_dualflexpress_divthree-p158 with K=113
[2025-12-12 07:15:35] [run_formula] Running formula qspiflash_dualflexpress_divthree-p158 with K=113 up to limit 1600
[2025-12-12 07:15:36] [generate_cnf] Generating formula qspiflash_dualflexpress_divthree-p158 with K=114
[2025-12-12 07:15:37] [run_formula] Running formula qspiflash_dualflexpress_divthree-p158 with K=114 up to limit 1600
[2025-12-12 07:15:38] [generate_cnf] Generating formula qspiflash_dualflexpress_divthree-p158 with K=115
[2025-12-12 07:15:39] [run_formula] Running formula qspiflash_dualflexpress_divthree-p158 with K=115 up to limit 1600
[2025-12-12 07:15:40] [generate_cnf] Generating formula qspiflash_dualflexpress_divthree-p158 with K=116
[2025-12-12 07:15:41] [run_formula] Running formula qspiflash_dualflexpress_divthree-p158 with K=116 up to limit 1600
[2025-12-12 07:15:42] [generate_cnf] Generating formula qspiflash_dualflexpress_divthree-p158 with K=117
[2025-12-12 07:15:43] [run_formula] Running formula qspiflash_dualflexpress_divthree-p158 with K=117 up to limit 1600
[2025-12-12 07:15:44] [generate_cnf] Generating formula qspiflash_dualflexpress_divthree-p158 with K=118
[2025-12-12 07:15:45] [run_formula] Running formula qspiflash_dualflexpress_divthree-p158 with K=118 up to limit 1600
[2025-12-12 07:15:46] [generate_cnf] Generating formula qspiflash_dualflexpress_divthree-p158 with K=119
[2025-12-12 07:15:47] [run_formula] Running formula qspiflash_dualflexpress_divthree-p158 with K=119 up to limit 1600
[2025-12-12 07:15:48] [generate_cnf] Generating formula qspiflash_dualflexpress_divthree-p158 with K=120
[2025-12-12 07:15:49] [run_formula] Running formula qspiflash_dualflexpress_divthree-p158 with K=120 up to limit 1600
[2025-12-12 07:15:50] [generate_cnf] Generating formula qspiflash_dualflexpress_divthree-p158 with K=121
[2025-12-12 07:15:51] [run_formula] Running formula qspiflash_dualflexpress_divthree-p158 with K=121 up to limit 1600
[2025-12-12 07:15:54] [generate_cnf] Generating formula qspiflash_dualflexpress_divthree-p158 with K=122
[2025-12-12 07:15:55] [run_formula] Running formula qspiflash_dualflexpress_divthree-p158 with K=122 up to limit 1600
[2025-12-12 07:15:58] [generate_cnf] Generating formula qspiflash_dualflexpress_divthree-p158 with K=123
[2025-12-12 07:15:59] [run_formula] Running formula qspiflash_dualflexpress_divthree-p158 with K=123 up to limit 1600
[2025-12-12 07:16:00] [generate_cnf] Generating formula qspiflash_dualflexpress_divthree-p158 with K=124
[2025-12-12 07:16:01] [run_formula] Running formula qspiflash_dualflexpress_divthree-p158 with K=124 up to limit 1600
[2025-12-12 07:16:04] [generate_cnf] Generating formula qspiflash_dualflexpress_divthree-p158 with K=125
[2025-12-12 07:16:05] [run_formula] Running formula qspiflash_dualflexpress_divthree-p158 with K=125 up to limit 1600
[2025-12-12 07:16:06] [generate_cnf] Generating formula qspiflash_dualflexpress_divthree-p158 with K=126
[2025-12-12 07:16:07] [run_formula] Running formula qspiflash_dualflexpress_divthree-p158 with K=126 up to limit 1600
[2025-12-12 07:16:08] [generate_cnf] Generating formula qspiflash_dualflexpress_divthree-p158 with K=127
[2025-12-12 07:16:09] [run_formula] Running formula qspiflash_dualflexpress_divthree-p158 with K=127 up to limit 1600
[2025-12-12 07:16:10] [generate_cnf] Generating formula qspiflash_dualflexpress_divthree-p158 with K=128
[2025-12-12 07:16:11] [run_formula] Running formula qspiflash_dualflexpress_divthree-p158 with K=128 up to limit 1600
[2025-12-12 07:16:12] [generate_cnf] Generating formula qspiflash_dualflexpress_divthree-p158 with K=129
[2025-12-12 07:16:14] [run_formula] Running formula qspiflash_dualflexpress_divthree-p158 with K=129 up to limit 1600
[2025-12-12 07:16:14] [generate_cnf] Generating formula qspiflash_dualflexpress_divthree-p158 with K=130
[2025-12-12 07:16:16] [run_formula] Running formula qspiflash_dualflexpress_divthree-p158 with K=130 up to limit 1600
[2025-12-12 07:16:17] [generate_cnf] Generating formula qspiflash_dualflexpress_divthree-p158 with K=131
[2025-12-12 07:16:18] [run_formula] Running formula qspiflash_dualflexpress_divthree-p158 with K=131 up to limit 1600
[2025-12-12 07:16:20] [generate_cnf] Generating formula qspiflash_dualflexpress_divthree-p158 with K=132
[2025-12-12 07:16:21] [run_formula] Running formula qspiflash_dualflexpress_divthree-p158 with K=132 up to limit 1600
[2025-12-12 07:16:22] [generate_cnf] Generating formula qspiflash_dualflexpress_divthree-p158 with K=133
[2025-12-12 07:16:23] [run_formula] Running formula qspiflash_dualflexpress_divthree-p158 with K=133 up to limit 1600
[2025-12-12 07:16:26] [generate_cnf] Generating formula qspiflash_dualflexpress_divthree-p158 with K=134
[2025-12-12 07:16:28] [run_formula] Running formula qspiflash_dualflexpress_divthree-p158 with K=134 up to limit 1600
[2025-12-12 07:16:29] [generate_cnf] Generating formula qspiflash_dualflexpress_divthree-p158 with K=135
[2025-12-12 07:16:30] [run_formula] Running formula qspiflash_dualflexpress_divthree-p158 with K=135 up to limit 1600
[2025-12-12 07:16:31] [generate_cnf] Generating formula qspiflash_dualflexpress_divthree-p158 with K=136
[2025-12-12 07:16:32] [run_formula] Running formula qspiflash_dualflexpress_divthree-p158 with K=136 up to limit 1600
[2025-12-12 07:16:34] [generate_cnf] Generating formula qspiflash_dualflexpress_divthree-p158 with K=137
[2025-12-12 07:16:35] [run_formula] Running formula qspiflash_dualflexpress_divthree-p158 with K=137 up to limit 1600
[2025-12-12 07:16:36] [generate_cnf] Generating formula qspiflash_dualflexpress_divthree-p158 with K=138
[2025-12-12 07:16:37] [run_formula] Running formula qspiflash_dualflexpress_divthree-p158 with K=138 up to limit 1600
[2025-12-12 07:16:39] [generate_cnf] Generating formula qspiflash_dualflexpress_divthree-p158 with K=139
[2025-12-12 07:16:41] [run_formula] Running formula qspiflash_dualflexpress_divthree-p158 with K=139 up to limit 1600
[2025-12-12 07:16:44] [generate_cnf] Generating formula qspiflash_dualflexpress_divthree-p158 with K=140
[2025-12-12 07:16:45] [run_formula] Running formula qspiflash_dualflexpress_divthree-p158 with K=140 up to limit 1600
[2025-12-12 07:16:46] [generate_cnf] Generating formula qspiflash_dualflexpress_divthree-p158 with K=141
[2025-12-12 07:16:47] [run_formula] Running formula qspiflash_dualflexpress_divthree-p158 with K=141 up to limit 1600
[2025-12-12 07:16:48] [generate_cnf] Generating formula qspiflash_dualflexpress_divthree-p158 with K=142
[2025-12-12 07:16:49] [run_formula] Running formula qspiflash_dualflexpress_divthree-p158 with K=142 up to limit 1600
[2025-12-12 07:16:50] [generate_cnf] Generating formula qspiflash_dualflexpress_divthree-p158 with K=143
[2025-12-12 07:16:51] [run_formula] Running formula qspiflash_dualflexpress_divthree-p158 with K=143 up to limit 1600
[2025-12-12 07:16:52] [generate_cnf] Generating formula qspiflash_dualflexpress_divthree-p158 with K=144
[2025-12-12 07:16:54] [run_formula] Running formula qspiflash_dualflexpress_divthree-p158 with K=144 up to limit 1600
[2025-12-12 07:16:55] [generate_cnf] Generating formula qspiflash_dualflexpress_divthree-p158 with K=145
[2025-12-12 07:16:56] [run_formula] Running formula qspiflash_dualflexpress_divthree-p158 with K=145 up to limit 1600
[2025-12-12 07:16:57] [generate_cnf] Generating formula qspiflash_dualflexpress_divthree-p158 with K=146
[2025-12-12 07:16:58] [run_formula] Running formula qspiflash_dualflexpress_divthree-p158 with K=146 up to limit 1600
[2025-12-12 07:16:59] [generate_cnf] Generating formula qspiflash_dualflexpress_divthree-p158 with K=147
[2025-12-12 07:17:01] [run_formula] Running formula qspiflash_dualflexpress_divthree-p158 with K=147 up to limit 1600
[2025-12-12 07:17:02] [generate_cnf] Generating formula qspiflash_dualflexpress_divthree-p158 with K=148
[2025-12-12 07:17:03] [run_formula] Running formula qspiflash_dualflexpress_divthree-p158 with K=148 up to limit 1600
[2025-12-12 07:17:07] [generate_cnf] Generating formula qspiflash_dualflexpress_divthree-p158 with K=149
[2025-12-12 07:17:08] [run_formula] Running formula qspiflash_dualflexpress_divthree-p158 with K=149 up to limit 1600
[2025-12-12 07:17:09] [generate_cnf] Generating formula qspiflash_dualflexpress_divthree-p158 with K=150
[2025-12-12 07:17:10] [run_formula] Running formula qspiflash_dualflexpress_divthree-p158 with K=150 up to limit 1600
[2025-12-12 07:17:14] [generate_cnf] Generating formula qspiflash_dualflexpress_divthree-p158 with K=151
[2025-12-12 07:17:15] [run_formula] Running formula qspiflash_dualflexpress_divthree-p158 with K=151 up to limit 1600
[2025-12-12 07:17:16] [generate_cnf] Generating formula qspiflash_dualflexpress_divthree-p158 with K=152
[2025-12-12 07:17:17] [run_formula] Running formula qspiflash_dualflexpress_divthree-p158 with K=152 up to limit 1600
[2025-12-12 07:17:18] [generate_cnf] Generating formula qspiflash_dualflexpress_divthree-p158 with K=153
[2025-12-12 07:17:20] [run_formula] Running formula qspiflash_dualflexpress_divthree-p158 with K=153 up to limit 1600
[2025-12-12 07:17:21] [generate_cnf] Generating formula qspiflash_dualflexpress_divthree-p158 with K=154
[2025-12-12 07:17:22] [run_formula] Running formula qspiflash_dualflexpress_divthree-p158 with K=154 up to limit 1600
[2025-12-12 07:17:24] [generate_cnf] Generating formula qspiflash_dualflexpress_divthree-p158 with K=155
[2025-12-12 07:17:25] [run_formula] Running formula qspiflash_dualflexpress_divthree-p158 with K=155 up to limit 1600
[2025-12-12 07:17:26] [generate_cnf] Generating formula qspiflash_dualflexpress_divthree-p158 with K=156
[2025-12-12 07:17:27] [run_formula] Running formula qspiflash_dualflexpress_divthree-p158 with K=156 up to limit 1600
[2025-12-12 07:17:28] [generate_cnf] Generating formula qspiflash_dualflexpress_divthree-p158 with K=157
[2025-12-12 07:17:30] [run_formula] Running formula qspiflash_dualflexpress_divthree-p158 with K=157 up to limit 1600
[2025-12-12 07:17:31] [generate_cnf] Generating formula qspiflash_dualflexpress_divthree-p158 with K=158
[2025-12-12 07:17:32] [run_formula] Running formula qspiflash_dualflexpress_divthree-p158 with K=158 up to limit 1600
[2025-12-12 07:17:34] [generate_cnf] Generating formula qspiflash_dualflexpress_divthree-p158 with K=159
[2025-12-12 07:17:35] [run_formula] Running formula qspiflash_dualflexpress_divthree-p158 with K=159 up to limit 1600
[2025-12-12 07:17:37] [generate_cnf] Generating formula qspiflash_dualflexpress_divthree-p158 with K=160
[2025-12-12 07:17:38] [run_formula] Running formula qspiflash_dualflexpress_divthree-p158 with K=160 up to limit 1600
[2025-12-12 07:17:40] [generate_cnf] Generating formula qspiflash_dualflexpress_divthree-p158 with K=161
[2025-12-12 07:17:41] [run_formula] Running formula qspiflash_dualflexpress_divthree-p158 with K=161 up to limit 1600
[2025-12-12 07:17:43] [generate_cnf] Generating formula qspiflash_dualflexpress_divthree-p158 with K=162
[2025-12-12 07:17:44] [run_formula] Running formula qspiflash_dualflexpress_divthree-p158 with K=162 up to limit 1600
[2025-12-12 07:17:46] [generate_cnf] Generating formula qspiflash_dualflexpress_divthree-p158 with K=163
[2025-12-12 07:17:47] [run_formula] Running formula qspiflash_dualflexpress_divthree-p158 with K=163 up to limit 1600
[2025-12-12 07:17:49] [generate_cnf] Generating formula qspiflash_dualflexpress_divthree-p158 with K=164
[2025-12-12 07:17:50] [run_formula] Running formula qspiflash_dualflexpress_divthree-p158 with K=164 up to limit 1600
[2025-12-12 07:17:52] [generate_cnf] Generating formula qspiflash_dualflexpress_divthree-p158 with K=165
[2025-12-12 07:17:53] [run_formula] Running formula qspiflash_dualflexpress_divthree-p158 with K=165 up to limit 1600
[2025-12-12 07:17:55] [generate_cnf] Generating formula qspiflash_dualflexpress_divthree-p158 with K=166
[2025-12-12 07:17:56] [run_formula] Running formula qspiflash_dualflexpress_divthree-p158 with K=166 up to limit 1600
[2025-12-12 07:17:57] [generate_cnf] Generating formula qspiflash_dualflexpress_divthree-p158 with K=167
[2025-12-12 07:17:59] [run_formula] Running formula qspiflash_dualflexpress_divthree-p158 with K=167 up to limit 1600
[2025-12-12 07:18:01] [generate_cnf] Generating formula qspiflash_dualflexpress_divthree-p158 with K=168
[2025-12-12 07:18:02] [run_formula] Running formula qspiflash_dualflexpress_divthree-p158 with K=168 up to limit 1600
[2025-12-12 07:18:04] [generate_cnf] Generating formula qspiflash_dualflexpress_divthree-p158 with K=169
[2025-12-12 07:18:05] [run_formula] Running formula qspiflash_dualflexpress_divthree-p158 with K=169 up to limit 1600
[2025-12-12 07:18:07] [generate_cnf] Generating formula qspiflash_dualflexpress_divthree-p158 with K=170
[2025-12-12 07:18:08] [run_formula] Running formula qspiflash_dualflexpress_divthree-p158 with K=170 up to limit 1600
[2025-12-12 07:18:10] [generate_cnf] Generating formula qspiflash_dualflexpress_divthree-p158 with K=171
[2025-12-12 07:18:11] [run_formula] Running formula qspiflash_dualflexpress_divthree-p158 with K=171 up to limit 1600
[2025-12-12 07:18:13] [generate_cnf] Generating formula qspiflash_dualflexpress_divthree-p158 with K=172
[2025-12-12 07:18:14] [run_formula] Running formula qspiflash_dualflexpress_divthree-p158 with K=172 up to limit 1600
[2025-12-12 07:18:16] [generate_cnf] Generating formula qspiflash_dualflexpress_divthree-p158 with K=173
[2025-12-12 07:18:17] [run_formula] Running formula qspiflash_dualflexpress_divthree-p158 with K=173 up to limit 1600
[2025-12-12 07:18:19] [generate_cnf] Generating formula qspiflash_dualflexpress_divthree-p158 with K=174
[2025-12-12 07:18:20] [run_formula] Running formula qspiflash_dualflexpress_divthree-p158 with K=174 up to limit 1600
[2025-12-12 07:18:22] [generate_cnf] Generating formula qspiflash_dualflexpress_divthree-p158 with K=175
[2025-12-12 07:18:23] [run_formula] Running formula qspiflash_dualflexpress_divthree-p158 with K=175 up to limit 1600
[2025-12-12 07:18:25] [generate_cnf] Generating formula qspiflash_dualflexpress_divthree-p158 with K=176
[2025-12-12 07:18:26] [run_formula] Running formula qspiflash_dualflexpress_divthree-p158 with K=176 up to limit 1600
[2025-12-12 07:18:28] [generate_cnf] Generating formula qspiflash_dualflexpress_divthree-p158 with K=177
[2025-12-12 07:18:30] [run_formula] Running formula qspiflash_dualflexpress_divthree-p158 with K=177 up to limit 1600
[2025-12-12 07:18:31] [generate_cnf] Generating formula qspiflash_dualflexpress_divthree-p158 with K=178
[2025-12-12 07:18:33] [run_formula] Running formula qspiflash_dualflexpress_divthree-p158 with K=178 up to limit 1600
[2025-12-12 07:18:34] [generate_cnf] Generating formula qspiflash_dualflexpress_divthree-p158 with K=179
[2025-12-12 07:18:36] [run_formula] Running formula qspiflash_dualflexpress_divthree-p158 with K=179 up to limit 1600
[2025-12-12 07:18:37] [generate_cnf] Generating formula qspiflash_dualflexpress_divthree-p158 with K=180
[2025-12-12 07:18:39] [run_formula] Running formula qspiflash_dualflexpress_divthree-p158 with K=180 up to limit 1600
[2025-12-12 07:18:41] [generate_cnf] Generating formula qspiflash_dualflexpress_divthree-p158 with K=181
[2025-12-12 07:18:42] [run_formula] Running formula qspiflash_dualflexpress_divthree-p158 with K=181 up to limit 1600
[2025-12-12 07:18:44] [generate_cnf] Generating formula qspiflash_dualflexpress_divthree-p158 with K=182
[2025-12-12 07:18:45] [run_formula] Running formula qspiflash_dualflexpress_divthree-p158 with K=182 up to limit 1600
[2025-12-12 07:18:47] [generate_cnf] Generating formula qspiflash_dualflexpress_divthree-p158 with K=183
[2025-12-12 07:18:48] [run_formula] Running formula qspiflash_dualflexpress_divthree-p158 with K=183 up to limit 1600
[2025-12-12 07:18:50] [generate_cnf] Generating formula qspiflash_dualflexpress_divthree-p158 with K=184
[2025-12-12 07:18:51] [run_formula] Running formula qspiflash_dualflexpress_divthree-p158 with K=184 up to limit 1600
[2025-12-12 07:18:53] [generate_cnf] Generating formula qspiflash_dualflexpress_divthree-p158 with K=185
[2025-12-12 07:18:54] [run_formula] Running formula qspiflash_dualflexpress_divthree-p158 with K=185 up to limit 1600
[2025-12-12 07:18:56] [generate_cnf] Generating formula qspiflash_dualflexpress_divthree-p158 with K=186
[2025-12-12 07:18:57] [run_formula] Running formula qspiflash_dualflexpress_divthree-p158 with K=186 up to limit 1600
[2025-12-12 07:18:59] [generate_cnf] Generating formula qspiflash_dualflexpress_divthree-p158 with K=187
[2025-12-12 07:19:00] [run_formula] Running formula qspiflash_dualflexpress_divthree-p158 with K=187 up to limit 1600
[2025-12-12 07:19:01] [generate_cnf] Generating formula qspiflash_dualflexpress_divthree-p158 with K=188
[2025-12-12 07:19:03] [run_formula] Running formula qspiflash_dualflexpress_divthree-p158 with K=188 up to limit 1600
[2025-12-12 07:19:05] [generate_cnf] Generating formula qspiflash_dualflexpress_divthree-p158 with K=189
[2025-12-12 07:19:06] [run_formula] Running formula qspiflash_dualflexpress_divthree-p158 with K=189 up to limit 1600
[2025-12-12 07:19:08] [generate_cnf] Generating formula qspiflash_dualflexpress_divthree-p158 with K=190
[2025-12-12 07:19:09] [run_formula] Running formula qspiflash_dualflexpress_divthree-p158 with K=190 up to limit 1600
[2025-12-12 07:19:11] [generate_cnf] Generating formula qspiflash_dualflexpress_divthree-p158 with K=191
[2025-12-12 07:19:13] [run_formula] Running formula qspiflash_dualflexpress_divthree-p158 with K=191 up to limit 1600
[2025-12-12 07:19:14] [generate_cnf] Generating formula qspiflash_dualflexpress_divthree-p158 with K=192
[2025-12-12 07:19:16] [run_formula] Running formula qspiflash_dualflexpress_divthree-p158 with K=192 up to limit 1600
[2025-12-12 07:19:18] [generate_cnf] Generating formula qspiflash_dualflexpress_divthree-p158 with K=193
[2025-12-12 07:19:19] [run_formula] Running formula qspiflash_dualflexpress_divthree-p158 with K=193 up to limit 1600
[2025-12-12 07:19:21] [generate_cnf] Generating formula qspiflash_dualflexpress_divthree-p158 with K=194
[2025-12-12 07:19:22] [run_formula] Running formula qspiflash_dualflexpress_divthree-p158 with K=194 up to limit 1600
[2025-12-12 07:19:24] [generate_cnf] Generating formula qspiflash_dualflexpress_divthree-p158 with K=195
[2025-12-12 07:19:26] [run_formula] Running formula qspiflash_dualflexpress_divthree-p158 with K=195 up to limit 1600
[2025-12-12 07:19:27] [generate_cnf] Generating formula qspiflash_dualflexpress_divthree-p158 with K=196
[2025-12-12 07:19:29] [run_formula] Running formula qspiflash_dualflexpress_divthree-p158 with K=196 up to limit 1600
[2025-12-12 07:19:31] [generate_cnf] Generating formula qspiflash_dualflexpress_divthree-p158 with K=197
[2025-12-12 07:19:33] [run_formula] Running formula qspiflash_dualflexpress_divthree-p158 with K=197 up to limit 1600
[2025-12-12 07:19:34] [generate_cnf] Generating formula qspiflash_dualflexpress_divthree-p158 with K=198
[2025-12-12 07:19:35] [run_formula] Running formula qspiflash_dualflexpress_divthree-p158 with K=198 up to limit 1600
[2025-12-12 07:19:37] [generate_cnf] Generating formula qspiflash_dualflexpress_divthree-p158 with K=199
[2025-12-12 07:19:38] [run_formula] Running formula qspiflash_dualflexpress_divthree-p158 with K=199 up to limit 1600
[2025-12-12 07:19:40] [generate_cnf] Generating formula qspiflash_dualflexpress_divthree-p158 with K=200
[2025-12-12 07:19:41] [run_formula] Running formula qspiflash_dualflexpress_divthree-p158 with K=200 up to limit 1600
[2025-12-12 07:19:43] [generate_cnf] Generating formula qspiflash_dualflexpress_divthree-p158 with K=201
[2025-12-12 07:19:45] [run_formula] Running formula qspiflash_dualflexpress_divthree-p158 with K=201 up to limit 1600
[2025-12-12 07:19:46] [generate_cnf] Generating formula qspiflash_dualflexpress_divthree-p158 with K=202
[2025-12-12 07:19:48] [run_formula] Running formula qspiflash_dualflexpress_divthree-p158 with K=202 up to limit 1600
[2025-12-12 07:19:49] [generate_cnf] Generating formula qspiflash_dualflexpress_divthree-p158 with K=203
[2025-12-12 07:19:51] [run_formula] Running formula qspiflash_dualflexpress_divthree-p158 with K=203 up to limit 1600
[2025-12-12 07:19:52] [generate_cnf] Generating formula qspiflash_dualflexpress_divthree-p158 with K=204
[2025-12-12 07:19:54] [run_formula] Running formula qspiflash_dualflexpress_divthree-p158 with K=204 up to limit 1600
[2025-12-12 07:19:55] [generate_cnf] Generating formula qspiflash_dualflexpress_divthree-p158 with K=205
[2025-12-12 07:19:57] [run_formula] Running formula qspiflash_dualflexpress_divthree-p158 with K=205 up to limit 1600
[2025-12-12 07:19:58] [generate_cnf] Generating formula qspiflash_dualflexpress_divthree-p158 with K=206
[2025-12-12 07:20:00] [run_formula] Running formula qspiflash_dualflexpress_divthree-p158 with K=206 up to limit 1600
[2025-12-12 07:20:02] [generate_cnf] Generating formula qspiflash_dualflexpress_divthree-p158 with K=207
[2025-12-12 07:20:04] [run_formula] Running formula qspiflash_dualflexpress_divthree-p158 with K=207 up to limit 1600
[2025-12-12 07:20:05] [generate_cnf] Generating formula qspiflash_dualflexpress_divthree-p158 with K=208
[2025-12-12 07:20:07] [run_formula] Running formula qspiflash_dualflexpress_divthree-p158 with K=208 up to limit 1600
[2025-12-12 07:20:08] [generate_cnf] Generating formula qspiflash_dualflexpress_divthree-p158 with K=209
[2025-12-12 07:20:10] [run_formula] Running formula qspiflash_dualflexpress_divthree-p158 with K=209 up to limit 1600
[2025-12-12 07:20:11] [generate_cnf] Generating formula qspiflash_dualflexpress_divthree-p158 with K=210
[2025-12-12 07:20:13] [run_formula] Running formula qspiflash_dualflexpress_divthree-p158 with K=210 up to limit 1600
[2025-12-12 07:20:14] [generate_cnf] Generating formula qspiflash_dualflexpress_divthree-p158 with K=211
[2025-12-12 07:20:16] [run_formula] Running formula qspiflash_dualflexpress_divthree-p158 with K=211 up to limit 1600
[2025-12-12 07:20:17] [generate_cnf] Generating formula qspiflash_dualflexpress_divthree-p158 with K=212
[2025-12-12 07:20:19] [run_formula] Running formula qspiflash_dualflexpress_divthree-p158 with K=212 up to limit 1600
[2025-12-12 07:20:21] [generate_cnf] Generating formula qspiflash_dualflexpress_divthree-p158 with K=213
[2025-12-12 07:20:22] [run_formula] Running formula qspiflash_dualflexpress_divthree-p158 with K=213 up to limit 1600
[2025-12-12 07:20:24] [generate_cnf] Generating formula qspiflash_dualflexpress_divthree-p158 with K=214
[2025-12-12 07:20:26] [run_formula] Running formula qspiflash_dualflexpress_divthree-p158 with K=214 up to limit 1600
[2025-12-12 07:20:27] [generate_cnf] Generating formula qspiflash_dualflexpress_divthree-p158 with K=215
[2025-12-12 07:20:29] [run_formula] Running formula qspiflash_dualflexpress_divthree-p158 with K=215 up to limit 1600
[2025-12-12 07:20:30] [generate_cnf] Generating formula qspiflash_dualflexpress_divthree-p158 with K=216
[2025-12-12 07:20:32] [run_formula] Running formula qspiflash_dualflexpress_divthree-p158 with K=216 up to limit 1600
[2025-12-12 07:20:33] [generate_cnf] Generating formula qspiflash_dualflexpress_divthree-p158 with K=217
[2025-12-12 07:20:35] [run_formula] Running formula qspiflash_dualflexpress_divthree-p158 with K=217 up to limit 1600
[2025-12-12 07:20:37] [generate_cnf] Generating formula qspiflash_dualflexpress_divthree-p158 with K=218
[2025-12-12 07:20:39] [run_formula] Running formula qspiflash_dualflexpress_divthree-p158 with K=218 up to limit 1600
[2025-12-12 07:20:41] [generate_cnf] Generating formula qspiflash_dualflexpress_divthree-p158 with K=219
[2025-12-12 07:20:43] [run_formula] Running formula qspiflash_dualflexpress_divthree-p158 with K=219 up to limit 1600
[2025-12-12 07:20:45] [generate_cnf] Generating formula qspiflash_dualflexpress_divthree-p158 with K=220
[2025-12-12 07:20:47] [run_formula] Running formula qspiflash_dualflexpress_divthree-p158 with K=220 up to limit 1600
[2025-12-12 07:20:48] [generate_cnf] Generating formula qspiflash_dualflexpress_divthree-p158 with K=221
[2025-12-12 07:20:50] [run_formula] Running formula qspiflash_dualflexpress_divthree-p158 with K=221 up to limit 1600
[2025-12-12 07:20:52] [generate_cnf] Generating formula qspiflash_dualflexpress_divthree-p158 with K=222
[2025-12-12 07:20:54] [run_formula] Running formula qspiflash_dualflexpress_divthree-p158 with K=222 up to limit 1600
[2025-12-12 07:20:56] [generate_cnf] Generating formula qspiflash_dualflexpress_divthree-p158 with K=223
[2025-12-12 07:20:58] [run_formula] Running formula qspiflash_dualflexpress_divthree-p158 with K=223 up to limit 1600
[2025-12-12 07:21:00] [generate_cnf] Generating formula qspiflash_dualflexpress_divthree-p158 with K=224
[2025-12-12 07:21:02] [run_formula] Running formula qspiflash_dualflexpress_divthree-p158 with K=224 up to limit 1600
[2025-12-12 07:21:08] [generate_cnf] Generating formula qspiflash_dualflexpress_divthree-p158 with K=225
[2025-12-12 07:21:10] [run_formula] Running formula qspiflash_dualflexpress_divthree-p158 with K=225 up to limit 1600
[2025-12-12 07:21:14] [generate_cnf] Generating formula qspiflash_dualflexpress_divthree-p158 with K=226
[2025-12-12 07:21:16] [run_formula] Running formula qspiflash_dualflexpress_divthree-p158 with K=226 up to limit 1600
[2025-12-12 07:21:21] [generate_cnf] Generating formula qspiflash_dualflexpress_divthree-p158 with K=227
[2025-12-12 07:21:23] [run_formula] Running formula qspiflash_dualflexpress_divthree-p158 with K=227 up to limit 1600
[2025-12-12 07:21:28] [generate_cnf] Generating formula qspiflash_dualflexpress_divthree-p158 with K=228
[2025-12-12 07:21:30] [run_formula] Running formula qspiflash_dualflexpress_divthree-p158 with K=228 up to limit 1600
[2025-12-12 07:21:35] [generate_cnf] Generating formula qspiflash_dualflexpress_divthree-p158 with K=229
[2025-12-12 07:21:37] [run_formula] Running formula qspiflash_dualflexpress_divthree-p158 with K=229 up to limit 1600
[2025-12-12 07:21:41] [generate_cnf] Generating formula qspiflash_dualflexpress_divthree-p158 with K=230
[2025-12-12 07:21:43] [run_formula] Running formula qspiflash_dualflexpress_divthree-p158 with K=230 up to limit 1600
[2025-12-12 07:21:48] [generate_cnf] Generating formula qspiflash_dualflexpress_divthree-p158 with K=231
[2025-12-12 07:21:50] [run_formula] Running formula qspiflash_dualflexpress_divthree-p158 with K=231 up to limit 1600
[2025-12-12 07:21:55] [generate_cnf] Generating formula qspiflash_dualflexpress_divthree-p158 with K=232
[2025-12-12 07:21:57] [run_formula] Running formula qspiflash_dualflexpress_divthree-p158 with K=232 up to limit 1600
[2025-12-12 07:21:59] [generate_cnf] Generating formula qspiflash_dualflexpress_divthree-p158 with K=233
[2025-12-12 07:22:01] [run_formula] Running formula qspiflash_dualflexpress_divthree-p158 with K=233 up to limit 1600
[2025-12-12 07:22:03] [generate_cnf] Generating formula qspiflash_dualflexpress_divthree-p158 with K=234
[2025-12-12 07:22:05] [run_formula] Running formula qspiflash_dualflexpress_divthree-p158 with K=234 up to limit 1600
[2025-12-12 07:22:09] [generate_cnf] Generating formula qspiflash_dualflexpress_divthree-p158 with K=235
[2025-12-12 07:22:11] [run_formula] Running formula qspiflash_dualflexpress_divthree-p158 with K=235 up to limit 1600
[2025-12-12 07:22:15] [generate_cnf] Generating formula qspiflash_dualflexpress_divthree-p158 with K=236
[2025-12-12 07:22:17] [run_formula] Running formula qspiflash_dualflexpress_divthree-p158 with K=236 up to limit 1600
[2025-12-12 07:22:20] [generate_cnf] Generating formula qspiflash_dualflexpress_divthree-p158 with K=237
[2025-12-12 07:22:22] [run_formula] Running formula qspiflash_dualflexpress_divthree-p158 with K=237 up to limit 1600
[2025-12-12 07:22:26] [generate_cnf] Generating formula qspiflash_dualflexpress_divthree-p158 with K=238
[2025-12-12 07:22:28] [run_formula] Running formula qspiflash_dualflexpress_divthree-p158 with K=238 up to limit 1600
[2025-12-12 07:22:31] [generate_cnf] Generating formula qspiflash_dualflexpress_divthree-p158 with K=239
[2025-12-12 07:22:33] [run_formula] Running formula qspiflash_dualflexpress_divthree-p158 with K=239 up to limit 1600
[2025-12-12 07:22:37] [generate_cnf] Generating formula qspiflash_dualflexpress_divthree-p158 with K=240
[2025-12-12 07:22:39] [run_formula] Running formula qspiflash_dualflexpress_divthree-p158 with K=240 up to limit 1600
[2025-12-12 07:22:43] [generate_cnf] Generating formula qspiflash_dualflexpress_divthree-p158 with K=241
[2025-12-12 07:22:45] [run_formula] Running formula qspiflash_dualflexpress_divthree-p158 with K=241 up to limit 1600
[2025-12-12 07:22:48] [generate_cnf] Generating formula qspiflash_dualflexpress_divthree-p158 with K=242
[2025-12-12 07:22:50] [run_formula] Running formula qspiflash_dualflexpress_divthree-p158 with K=242 up to limit 1600
[2025-12-12 07:22:52] [generate_cnf] Generating formula qspiflash_dualflexpress_divthree-p158 with K=243
[2025-12-12 07:22:54] [run_formula] Running formula qspiflash_dualflexpress_divthree-p158 with K=243 up to limit 1600
[2025-12-12 07:22:55] [generate_cnf] Generating formula qspiflash_dualflexpress_divthree-p158 with K=244
[2025-12-12 07:22:57] [run_formula] Running formula qspiflash_dualflexpress_divthree-p158 with K=244 up to limit 1600
[2025-12-12 07:22:59] [generate_cnf] Generating formula qspiflash_dualflexpress_divthree-p158 with K=245
[2025-12-12 07:23:01] [run_formula] Running formula qspiflash_dualflexpress_divthree-p158 with K=245 up to limit 1600
[2025-12-12 07:23:02] [generate_cnf] Generating formula qspiflash_dualflexpress_divthree-p158 with K=246
[2025-12-12 07:23:04] [run_formula] Running formula qspiflash_dualflexpress_divthree-p158 with K=246 up to limit 1600
[2025-12-12 07:23:06] [generate_cnf] Generating formula qspiflash_dualflexpress_divthree-p158 with K=247
[2025-12-12 07:23:08] [run_formula] Running formula qspiflash_dualflexpress_divthree-p158 with K=247 up to limit 1600
[2025-12-12 07:23:09] [generate_cnf] Generating formula qspiflash_dualflexpress_divthree-p158 with K=248
[2025-12-12 07:23:11] [run_formula] Running formula qspiflash_dualflexpress_divthree-p158 with K=248 up to limit 1600
[2025-12-12 07:23:15] [generate_cnf] Generating formula qspiflash_dualflexpress_divthree-p158 with K=249
[2025-12-12 07:23:17] [run_formula] Running formula qspiflash_dualflexpress_divthree-p158 with K=249 up to limit 1600
[2025-12-12 07:23:20] [generate_cnf] Generating formula qspiflash_dualflexpress_divthree-p158 with K=250
[2025-12-12 07:23:23] [run_formula] Running formula qspiflash_dualflexpress_divthree-p158 with K=250 up to limit 1600
[2025-12-12 07:23:26] [generate_cnf] Generating formula qspiflash_dualflexpress_divthree-p158 with K=251
[2025-12-12 07:23:28] [run_formula] Running formula qspiflash_dualflexpress_divthree-p158 with K=251 up to limit 1600
[2025-12-12 07:23:30] [generate_cnf] Generating formula qspiflash_dualflexpress_divthree-p158 with K=252
[2025-12-12 07:23:32] [run_formula] Running formula qspiflash_dualflexpress_divthree-p158 with K=252 up to limit 1600
[2025-12-12 07:23:33] [generate_cnf] Generating formula qspiflash_dualflexpress_divthree-p158 with K=253
[2025-12-12 07:23:35] [run_formula] Running formula qspiflash_dualflexpress_divthree-p158 with K=253 up to limit 1600
[2025-12-12 07:23:37] [generate_cnf] Generating formula qspiflash_dualflexpress_divthree-p158 with K=254
[2025-12-12 07:23:39] [run_formula] Running formula qspiflash_dualflexpress_divthree-p158 with K=254 up to limit 1600
[2025-12-12 07:23:41] [generate_cnf] Generating formula qspiflash_dualflexpress_divthree-p158 with K=255
[2025-12-12 07:23:43] [run_formula] Running formula qspiflash_dualflexpress_divthree-p158 with K=255 up to limit 1600
[2025-12-12 07:23:44] [generate_cnf] Generating formula qspiflash_dualflexpress_divthree-p158 with K=256
[2025-12-12 07:23:46] [run_formula] Running formula qspiflash_dualflexpress_divthree-p158 with K=256 up to limit 1600
[2025-12-12 07:23:48] [generate_cnf] Generating formula qspiflash_dualflexpress_divthree-p158 with K=257
[2025-12-12 07:23:50] [run_formula] Running formula qspiflash_dualflexpress_divthree-p158 with K=257 up to limit 1600
[2025-12-12 07:23:51] [generate_cnf] Generating formula qspiflash_dualflexpress_divthree-p158 with K=258
[2025-12-12 07:23:54] [run_formula] Running formula qspiflash_dualflexpress_divthree-p158 with K=258 up to limit 1600
[2025-12-12 07:23:55] [generate_cnf] Generating formula qspiflash_dualflexpress_divthree-p158 with K=259
[2025-12-12 07:23:57] [run_formula] Running formula qspiflash_dualflexpress_divthree-p158 with K=259 up to limit 1600
[2025-12-12 07:23:59] [generate_cnf] Generating formula qspiflash_dualflexpress_divthree-p158 with K=260
[2025-12-12 07:24:01] [run_formula] Running formula qspiflash_dualflexpress_divthree-p158 with K=260 up to limit 1600
[2025-12-12 07:24:03] [generate_cnf] Generating formula qspiflash_dualflexpress_divthree-p158 with K=261
[2025-12-12 07:24:05] [run_formula] Running formula qspiflash_dualflexpress_divthree-p158 with K=261 up to limit 1600
[2025-12-12 07:24:06] [generate_cnf] Generating formula qspiflash_dualflexpress_divthree-p158 with K=262
[2025-12-12 07:24:09] [run_formula] Running formula qspiflash_dualflexpress_divthree-p158 with K=262 up to limit 1600
[2025-12-12 07:24:10] [generate_cnf] Generating formula qspiflash_dualflexpress_divthree-p158 with K=263
[2025-12-12 07:24:12] [run_formula] Running formula qspiflash_dualflexpress_divthree-p158 with K=263 up to limit 1600
[2025-12-12 07:24:14] [generate_cnf] Generating formula qspiflash_dualflexpress_divthree-p158 with K=264
[2025-12-12 07:24:16] [run_formula] Running formula qspiflash_dualflexpress_divthree-p158 with K=264 up to limit 1600
[2025-12-12 07:24:18] [generate_cnf] Generating formula qspiflash_dualflexpress_divthree-p158 with K=265
[2025-12-12 07:24:20] [run_formula] Running formula qspiflash_dualflexpress_divthree-p158 with K=265 up to limit 1600
[2025-12-12 07:24:21] [generate_cnf] Generating formula qspiflash_dualflexpress_divthree-p158 with K=266
[2025-12-12 07:24:24] [run_formula] Running formula qspiflash_dualflexpress_divthree-p158 with K=266 up to limit 1600
[2025-12-12 07:24:35] [generate_cnf] Generating formula qspiflash_dualflexpress_divthree-p158 with K=267
[2025-12-12 07:24:37] [run_formula] Running formula qspiflash_dualflexpress_divthree-p158 with K=267 up to limit 1600
[2025-12-12 07:24:38] [generate_cnf] Generating formula qspiflash_dualflexpress_divthree-p158 with K=268
[2025-12-12 07:24:41] [run_formula] Running formula qspiflash_dualflexpress_divthree-p158 with K=268 up to limit 1600
[2025-12-12 07:24:42] [generate_cnf] Generating formula qspiflash_dualflexpress_divthree-p158 with K=269
[2025-12-12 07:24:45] [run_formula] Running formula qspiflash_dualflexpress_divthree-p158 with K=269 up to limit 1600
[2025-12-12 07:24:46] [generate_cnf] Generating formula qspiflash_dualflexpress_divthree-p158 with K=270
[2025-12-12 07:24:48] [run_formula] Running formula qspiflash_dualflexpress_divthree-p158 with K=270 up to limit 1600
[2025-12-12 07:24:50] [generate_cnf] Generating formula qspiflash_dualflexpress_divthree-p158 with K=271
[2025-12-12 07:24:52] [run_formula] Running formula qspiflash_dualflexpress_divthree-p158 with K=271 up to limit 1600
[2025-12-12 07:24:53] [generate_cnf] Generating formula qspiflash_dualflexpress_divthree-p158 with K=272
[2025-12-12 07:24:56] [run_formula] Running formula qspiflash_dualflexpress_divthree-p158 with K=272 up to limit 1600
[2025-12-12 07:24:57] [generate_cnf] Generating formula qspiflash_dualflexpress_divthree-p158 with K=273
[2025-12-12 07:25:00] [run_formula] Running formula qspiflash_dualflexpress_divthree-p158 with K=273 up to limit 1600
[2025-12-12 07:25:01] [generate_cnf] Generating formula qspiflash_dualflexpress_divthree-p158 with K=274
[2025-12-12 07:25:03] [run_formula] Running formula qspiflash_dualflexpress_divthree-p158 with K=274 up to limit 1600
[2025-12-12 07:25:05] [generate_cnf] Generating formula qspiflash_dualflexpress_divthree-p158 with K=275
[2025-12-12 07:25:07] [run_formula] Running formula qspiflash_dualflexpress_divthree-p158 with K=275 up to limit 1600
[2025-12-12 07:25:09] [generate_cnf] Generating formula qspiflash_dualflexpress_divthree-p158 with K=276
[2025-12-12 07:25:11] [run_formula] Running formula qspiflash_dualflexpress_divthree-p158 with K=276 up to limit 1600
[2025-12-12 07:25:12] [generate_cnf] Generating formula qspiflash_dualflexpress_divthree-p158 with K=277
[2025-12-12 07:25:15] [run_formula] Running formula qspiflash_dualflexpress_divthree-p158 with K=277 up to limit 1600
[2025-12-12 07:25:16] [generate_cnf] Generating formula qspiflash_dualflexpress_divthree-p158 with K=278
[2025-12-12 07:25:19] [run_formula] Running formula qspiflash_dualflexpress_divthree-p158 with K=278 up to limit 1600
[2025-12-12 07:25:20] [generate_cnf] Generating formula qspiflash_dualflexpress_divthree-p158 with K=279
[2025-12-12 07:25:23] [run_formula] Running formula qspiflash_dualflexpress_divthree-p158 with K=279 up to limit 1600
[2025-12-12 07:25:24] [generate_cnf] Generating formula qspiflash_dualflexpress_divthree-p158 with K=280
[2025-12-12 07:25:26] [run_formula] Running formula qspiflash_dualflexpress_divthree-p158 with K=280 up to limit 1600
[2025-12-12 07:25:28] [generate_cnf] Generating formula qspiflash_dualflexpress_divthree-p158 with K=281
[2025-12-12 07:25:30] [run_formula] Running formula qspiflash_dualflexpress_divthree-p158 with K=281 up to limit 1600
[2025-12-12 07:25:32] [generate_cnf] Generating formula qspiflash_dualflexpress_divthree-p158 with K=282
[2025-12-12 07:25:34] [run_formula] Running formula qspiflash_dualflexpress_divthree-p158 with K=282 up to limit 1600
[2025-12-12 07:25:36] [generate_cnf] Generating formula qspiflash_dualflexpress_divthree-p158 with K=283
[2025-12-12 07:25:38] [run_formula] Running formula qspiflash_dualflexpress_divthree-p158 with K=283 up to limit 1600
[2025-12-12 07:25:44] [generate_cnf] Generating formula qspiflash_dualflexpress_divthree-p158 with K=284
[2025-12-12 07:25:46] [run_formula] Running formula qspiflash_dualflexpress_divthree-p158 with K=284 up to limit 1600
[2025-12-12 07:25:52] [generate_cnf] Generating formula qspiflash_dualflexpress_divthree-p158 with K=285
[2025-12-12 07:25:54] [run_formula] Running formula qspiflash_dualflexpress_divthree-p158 with K=285 up to limit 1600
[2025-12-12 07:25:59] [generate_cnf] Generating formula qspiflash_dualflexpress_divthree-p158 with K=286
[2025-12-12 07:26:02] [run_formula] Running formula qspiflash_dualflexpress_divthree-p158 with K=286 up to limit 1600
[2025-12-12 07:26:03] [generate_cnf] Generating formula qspiflash_dualflexpress_divthree-p158 with K=287
[2025-12-12 07:26:06] [run_formula] Running formula qspiflash_dualflexpress_divthree-p158 with K=287 up to limit 1600
[2025-12-12 07:26:07] [generate_cnf] Generating formula qspiflash_dualflexpress_divthree-p158 with K=288
[2025-12-12 07:26:10] [run_formula] Running formula qspiflash_dualflexpress_divthree-p158 with K=288 up to limit 1600
[2025-12-12 07:26:11] [generate_cnf] Generating formula qspiflash_dualflexpress_divthree-p158 with K=289
[2025-12-12 07:26:14] [run_formula] Running formula qspiflash_dualflexpress_divthree-p158 with K=289 up to limit 1600
[2025-12-12 07:26:15] [generate_cnf] Generating formula qspiflash_dualflexpress_divthree-p158 with K=290
[2025-12-12 07:26:18] [run_formula] Running formula qspiflash_dualflexpress_divthree-p158 with K=290 up to limit 1600
[2025-12-12 07:26:22] [generate_cnf] Generating formula qspiflash_dualflexpress_divthree-p158 with K=291
[2025-12-12 07:26:25] [run_formula] Running formula qspiflash_dualflexpress_divthree-p158 with K=291 up to limit 1600
[2025-12-12 07:26:30] [generate_cnf] Generating formula qspiflash_dualflexpress_divthree-p158 with K=292
[2025-12-12 07:26:33] [run_formula] Running formula qspiflash_dualflexpress_divthree-p158 with K=292 up to limit 1600
[2025-12-12 07:26:38] [generate_cnf] Generating formula qspiflash_dualflexpress_divthree-p158 with K=293
[2025-12-12 07:26:40] [run_formula] Running formula qspiflash_dualflexpress_divthree-p158 with K=293 up to limit 1600
[2025-12-12 07:26:46] [generate_cnf] Generating formula qspiflash_dualflexpress_divthree-p158 with K=294
[2025-12-12 07:26:48] [run_formula] Running formula qspiflash_dualflexpress_divthree-p158 with K=294 up to limit 1600
[2025-12-12 07:26:56] [generate_cnf] Generating formula qspiflash_dualflexpress_divthree-p158 with K=295
[2025-12-12 07:26:59] [run_formula] Running formula qspiflash_dualflexpress_divthree-p158 with K=295 up to limit 1600
[2025-12-12 07:27:04] [generate_cnf] Generating formula qspiflash_dualflexpress_divthree-p158 with K=296
[2025-12-12 07:27:07] [run_formula] Running formula qspiflash_dualflexpress_divthree-p158 with K=296 up to limit 1600
[2025-12-12 07:27:11] [generate_cnf] Generating formula qspiflash_dualflexpress_divthree-p158 with K=297
[2025-12-12 07:27:13] [run_formula] Running formula qspiflash_dualflexpress_divthree-p158 with K=297 up to limit 1600
[2025-12-12 07:27:20] [generate_cnf] Generating formula qspiflash_dualflexpress_divthree-p158 with K=298
[2025-12-12 07:27:23] [run_formula] Running formula qspiflash_dualflexpress_divthree-p158 with K=298 up to limit 1600
[2025-12-12 07:27:28] [generate_cnf] Generating formula qspiflash_dualflexpress_divthree-p158 with K=299
[2025-12-12 07:27:31] [run_formula] Running formula qspiflash_dualflexpress_divthree-p158 with K=299 up to limit 1600
[2025-12-12 07:27:37] [generate_cnf] Generating formula qspiflash_dualflexpress_divthree-p158 with K=300
[2025-12-12 07:27:40] [run_formula] Running formula qspiflash_dualflexpress_divthree-p158 with K=300 up to limit 1600
[2025-12-12 07:27:46] [generate_cnf] Generating formula qspiflash_dualflexpress_divthree-p158 with K=301
[2025-12-12 07:27:48] [run_formula] Running formula qspiflash_dualflexpress_divthree-p158 with K=301 up to limit 1600
[2025-12-12 07:27:56] [generate_cnf] Generating formula qspiflash_dualflexpress_divthree-p158 with K=302
[2025-12-12 07:27:59] [run_formula] Running formula qspiflash_dualflexpress_divthree-p158 with K=302 up to limit 1600
[2025-12-12 07:28:08] [generate_cnf] Generating formula qspiflash_dualflexpress_divthree-p158 with K=303
[2025-12-12 07:28:11] [run_formula] Running formula qspiflash_dualflexpress_divthree-p158 with K=303 up to limit 1600
[2025-12-12 07:28:19] [generate_cnf] Generating formula qspiflash_dualflexpress_divthree-p158 with K=304
[2025-12-12 07:28:22] [run_formula] Running formula qspiflash_dualflexpress_divthree-p158 with K=304 up to limit 1600
[2025-12-12 07:28:27] [generate_cnf] Generating formula qspiflash_dualflexpress_divthree-p158 with K=305
[2025-12-12 07:28:29] [run_formula] Running formula qspiflash_dualflexpress_divthree-p158 with K=305 up to limit 1600
[2025-12-12 07:28:39] [generate_cnf] Generating formula qspiflash_dualflexpress_divthree-p158 with K=306
[2025-12-12 07:28:41] [run_formula] Running formula qspiflash_dualflexpress_divthree-p158 with K=306 up to limit 1600
[2025-12-12 07:28:46] [generate_cnf] Generating formula qspiflash_dualflexpress_divthree-p158 with K=307
[2025-12-12 07:28:49] [run_formula] Running formula qspiflash_dualflexpress_divthree-p158 with K=307 up to limit 1600
[2025-12-12 07:28:57] [generate_cnf] Generating formula qspiflash_dualflexpress_divthree-p158 with K=308
[2025-12-12 07:28:59] [run_formula] Running formula qspiflash_dualflexpress_divthree-p158 with K=308 up to limit 1600
[2025-12-12 07:29:08] [generate_cnf] Generating formula qspiflash_dualflexpress_divthree-p158 with K=309
[2025-12-12 07:29:11] [run_formula] Running formula qspiflash_dualflexpress_divthree-p158 with K=309 up to limit 1600
[2025-12-12 07:29:19] [generate_cnf] Generating formula qspiflash_dualflexpress_divthree-p158 with K=310
[2025-12-12 07:29:22] [run_formula] Running formula qspiflash_dualflexpress_divthree-p158 with K=310 up to limit 1600
[2025-12-12 07:29:30] [generate_cnf] Generating formula qspiflash_dualflexpress_divthree-p158 with K=311
[2025-12-12 07:29:33] [run_formula] Running formula qspiflash_dualflexpress_divthree-p158 with K=311 up to limit 1600
[2025-12-12 07:29:40] [generate_cnf] Generating formula qspiflash_dualflexpress_divthree-p158 with K=312
[2025-12-12 07:29:43] [run_formula] Running formula qspiflash_dualflexpress_divthree-p158 with K=312 up to limit 1600
[2025-12-12 07:29:50] [generate_cnf] Generating formula qspiflash_dualflexpress_divthree-p158 with K=313
[2025-12-12 07:29:52] [run_formula] Running formula qspiflash_dualflexpress_divthree-p158 with K=313 up to limit 1600
[2025-12-12 07:29:58] [generate_cnf] Generating formula qspiflash_dualflexpress_divthree-p158 with K=314
[2025-12-12 07:30:01] [run_formula] Running formula qspiflash_dualflexpress_divthree-p158 with K=314 up to limit 1600
[2025-12-12 07:30:06] [generate_cnf] Generating formula qspiflash_dualflexpress_divthree-p158 with K=315
[2025-12-12 07:30:09] [run_formula] Running formula qspiflash_dualflexpress_divthree-p158 with K=315 up to limit 1600
[2025-12-12 07:30:15] [generate_cnf] Generating formula qspiflash_dualflexpress_divthree-p158 with K=316
[2025-12-12 07:30:18] [run_formula] Running formula qspiflash_dualflexpress_divthree-p158 with K=316 up to limit 1600
[2025-12-12 07:30:24] [generate_cnf] Generating formula qspiflash_dualflexpress_divthree-p158 with K=317
[2025-12-12 07:30:27] [run_formula] Running formula qspiflash_dualflexpress_divthree-p158 with K=317 up to limit 1600
[2025-12-12 07:30:29] [generate_cnf] Generating formula qspiflash_dualflexpress_divthree-p158 with K=318
[2025-12-12 07:30:32] [run_formula] Running formula qspiflash_dualflexpress_divthree-p158 with K=318 up to limit 1600
[2025-12-12 07:30:33] [generate_cnf] Generating formula qspiflash_dualflexpress_divthree-p158 with K=319
[2025-12-12 07:30:36] [run_formula] Running formula qspiflash_dualflexpress_divthree-p158 with K=319 up to limit 1600
[2025-12-12 07:30:38] [generate_cnf] Generating formula qspiflash_dualflexpress_divthree-p158 with K=320
[2025-12-12 07:30:41] [run_formula] Running formula qspiflash_dualflexpress_divthree-p158 with K=320 up to limit 1600
[2025-12-12 07:30:42] [generate_cnf] Generating formula qspiflash_dualflexpress_divthree-p158 with K=321
[2025-12-12 07:30:45] [run_formula] Running formula qspiflash_dualflexpress_divthree-p158 with K=321 up to limit 1600
[2025-12-12 07:30:47] [generate_cnf] Generating formula qspiflash_dualflexpress_divthree-p158 with K=322
[2025-12-12 07:30:50] [run_formula] Running formula qspiflash_dualflexpress_divthree-p158 with K=322 up to limit 1600
[2025-12-12 07:30:51] [generate_cnf] Generating formula qspiflash_dualflexpress_divthree-p158 with K=323
[2025-12-12 07:30:54] [run_formula] Running formula qspiflash_dualflexpress_divthree-p158 with K=323 up to limit 1600
[2025-12-12 07:31:02] [generate_cnf] Generating formula qspiflash_dualflexpress_divthree-p158 with K=324
[2025-12-12 07:31:05] [run_formula] Running formula qspiflash_dualflexpress_divthree-p158 with K=324 up to limit 1600
[2025-12-12 07:31:12] [generate_cnf] Generating formula qspiflash_dualflexpress_divthree-p158 with K=325
[2025-12-12 07:31:15] [run_formula] Running formula qspiflash_dualflexpress_divthree-p158 with K=325 up to limit 1600
[2025-12-12 07:31:25] [generate_cnf] Generating formula qspiflash_dualflexpress_divthree-p158 with K=326
[2025-12-12 07:31:28] [run_formula] Running formula qspiflash_dualflexpress_divthree-p158 with K=326 up to limit 1600
[2025-12-12 07:31:33] [generate_cnf] Generating formula qspiflash_dualflexpress_divthree-p158 with K=327
[2025-12-12 07:31:36] [run_formula] Running formula qspiflash_dualflexpress_divthree-p158 with K=327 up to limit 1600
[2025-12-12 07:31:45] [generate_cnf] Generating formula qspiflash_dualflexpress_divthree-p158 with K=328
[2025-12-12 07:31:48] [run_formula] Running formula qspiflash_dualflexpress_divthree-p158 with K=328 up to limit 1600
[2025-12-12 07:31:58] [generate_cnf] Generating formula qspiflash_dualflexpress_divthree-p158 with K=329
[2025-12-12 07:32:00] [run_formula] Running formula qspiflash_dualflexpress_divthree-p158 with K=329 up to limit 1600
[2025-12-12 07:32:02] [generate_cnf] Generating formula qspiflash_dualflexpress_divthree-p158 with K=330
[2025-12-12 07:32:05] [run_formula] Running formula qspiflash_dualflexpress_divthree-p158 with K=330 up to limit 1600
[2025-12-12 07:32:07] [generate_cnf] Generating formula qspiflash_dualflexpress_divthree-p158 with K=331
[2025-12-12 07:32:10] [run_formula] Running formula qspiflash_dualflexpress_divthree-p158 with K=331 up to limit 1600
[2025-12-12 07:32:11] [generate_cnf] Generating formula qspiflash_dualflexpress_divthree-p158 with K=332
[2025-12-12 07:32:14] [run_formula] Running formula qspiflash_dualflexpress_divthree-p158 with K=332 up to limit 1600
[2025-12-12 07:32:16] [generate_cnf] Generating formula qspiflash_dualflexpress_divthree-p158 with K=333
[2025-12-12 07:32:19] [run_formula] Running formula qspiflash_dualflexpress_divthree-p158 with K=333 up to limit 1600
[2025-12-12 07:32:21] [generate_cnf] Generating formula qspiflash_dualflexpress_divthree-p158 with K=334
[2025-12-12 07:32:24] [run_formula] Running formula qspiflash_dualflexpress_divthree-p158 with K=334 up to limit 1600
[2025-12-12 07:32:25] [generate_cnf] Generating formula qspiflash_dualflexpress_divthree-p158 with K=335
[2025-12-12 07:32:28] [run_formula] Running formula qspiflash_dualflexpress_divthree-p158 with K=335 up to limit 1600
[2025-12-12 07:32:30] [generate_cnf] Generating formula qspiflash_dualflexpress_divthree-p158 with K=336
[2025-12-12 07:32:33] [run_formula] Running formula qspiflash_dualflexpress_divthree-p158 with K=336 up to limit 1600
[2025-12-12 07:32:35] [generate_cnf] Generating formula qspiflash_dualflexpress_divthree-p158 with K=337
[2025-12-12 07:32:38] [run_formula] Running formula qspiflash_dualflexpress_divthree-p158 with K=337 up to limit 1600
[2025-12-12 07:32:48] [generate_cnf] Generating formula qspiflash_dualflexpress_divthree-p158 with K=338
[2025-12-12 07:32:51] [run_formula] Running formula qspiflash_dualflexpress_divthree-p158 with K=338 up to limit 1600
[2025-12-12 07:32:53] [generate_cnf] Generating formula qspiflash_dualflexpress_divthree-p158 with K=339
[2025-12-12 07:32:56] [run_formula] Running formula qspiflash_dualflexpress_divthree-p158 with K=339 up to limit 1600
[2025-12-12 07:32:58] [generate_cnf] Generating formula qspiflash_dualflexpress_divthree-p158 with K=340
[2025-12-12 07:33:01] [run_formula] Running formula qspiflash_dualflexpress_divthree-p158 with K=340 up to limit 1600
[2025-12-12 07:33:03] [generate_cnf] Generating formula qspiflash_dualflexpress_divthree-p158 with K=341
[2025-12-12 07:33:06] [run_formula] Running formula qspiflash_dualflexpress_divthree-p158 with K=341 up to limit 1600
[2025-12-12 07:33:08] [generate_cnf] Generating formula qspiflash_dualflexpress_divthree-p158 with K=342
[2025-12-12 07:33:11] [run_formula] Running formula qspiflash_dualflexpress_divthree-p158 with K=342 up to limit 1600
[2025-12-12 07:33:13] [generate_cnf] Generating formula qspiflash_dualflexpress_divthree-p158 with K=343
[2025-12-12 07:33:16] [run_formula] Running formula qspiflash_dualflexpress_divthree-p158 with K=343 up to limit 1600
[2025-12-12 07:33:18] [generate_cnf] Generating formula qspiflash_dualflexpress_divthree-p158 with K=344
[2025-12-12 07:33:21] [run_formula] Running formula qspiflash_dualflexpress_divthree-p158 with K=344 up to limit 1600
[2025-12-12 07:33:23] [generate_cnf] Generating formula qspiflash_dualflexpress_divthree-p158 with K=345
[2025-12-12 07:33:26] [run_formula] Running formula qspiflash_dualflexpress_divthree-p158 with K=345 up to limit 1600
[2025-12-12 07:33:29] [generate_cnf] Generating formula qspiflash_dualflexpress_divthree-p158 with K=346
[2025-12-12 07:33:32] [run_formula] Running formula qspiflash_dualflexpress_divthree-p158 with K=346 up to limit 1600
[2025-12-12 07:33:49] [generate_cnf] Generating formula qspiflash_dualflexpress_divthree-p158 with K=347
[2025-12-12 07:33:52] [run_formula] Running formula qspiflash_dualflexpress_divthree-p158 with K=347 up to limit 1600
[2025-12-12 07:34:09] [generate_cnf] Generating formula qspiflash_dualflexpress_divthree-p158 with K=348
[2025-12-12 07:34:12] [run_formula] Running formula qspiflash_dualflexpress_divthree-p158 with K=348 up to limit 1600
[2025-12-12 07:34:14] [generate_cnf] Generating formula qspiflash_dualflexpress_divthree-p158 with K=349
[2025-12-12 07:34:17] [run_formula] Running formula qspiflash_dualflexpress_divthree-p158 with K=349 up to limit 1600
[2025-12-12 07:34:19] [generate_cnf] Generating formula qspiflash_dualflexpress_divthree-p158 with K=350
[2025-12-12 07:34:22] [run_formula] Running formula qspiflash_dualflexpress_divthree-p158 with K=350 up to limit 1600
[2025-12-12 07:34:24] [generate_cnf] Generating formula qspiflash_dualflexpress_divthree-p158 with K=351
[2025-12-12 07:34:27] [run_formula] Running formula qspiflash_dualflexpress_divthree-p158 with K=351 up to limit 1600
[2025-12-12 07:34:31] [generate_cnf] Generating formula qspiflash_dualflexpress_divthree-p158 with K=352
[2025-12-12 07:34:34] [run_formula] Running formula qspiflash_dualflexpress_divthree-p158 with K=352 up to limit 1600
[2025-12-12 07:34:41] [generate_cnf] Generating formula qspiflash_dualflexpress_divthree-p158 with K=353
[2025-12-12 07:34:44] [run_formula] Running formula qspiflash_dualflexpress_divthree-p158 with K=353 up to limit 1600
[2025-12-12 07:34:56] [generate_cnf] Generating formula qspiflash_dualflexpress_divthree-p158 with K=354
[2025-12-12 07:34:59] [run_formula] Running formula qspiflash_dualflexpress_divthree-p158 with K=354 up to limit 1600
[2025-12-12 07:35:01] [generate_cnf] Generating formula qspiflash_dualflexpress_divthree-p158 with K=355
[2025-12-12 07:35:04] [run_formula] Running formula qspiflash_dualflexpress_divthree-p158 with K=355 up to limit 1600
[2025-12-12 07:35:08] [generate_cnf] Generating formula qspiflash_dualflexpress_divthree-p158 with K=356
[2025-12-12 07:35:11] [run_formula] Running formula qspiflash_dualflexpress_divthree-p158 with K=356 up to limit 1600
[2025-12-12 07:35:28] [generate_cnf] Generating formula qspiflash_dualflexpress_divthree-p158 with K=357
[2025-12-12 07:35:31] [run_formula] Running formula qspiflash_dualflexpress_divthree-p158 with K=357 up to limit 1600
[2025-12-12 07:35:33] [generate_cnf] Generating formula qspiflash_dualflexpress_divthree-p158 with K=358
[2025-12-12 07:35:36] [run_formula] Running formula qspiflash_dualflexpress_divthree-p158 with K=358 up to limit 1600
[2025-12-12 07:35:44] [generate_cnf] Generating formula qspiflash_dualflexpress_divthree-p158 with K=359
[2025-12-12 07:35:47] [run_formula] Running formula qspiflash_dualflexpress_divthree-p158 with K=359 up to limit 1600
[2025-12-12 07:35:51] [generate_cnf] Generating formula qspiflash_dualflexpress_divthree-p158 with K=360
[2025-12-12 07:35:54] [run_formula] Running formula qspiflash_dualflexpress_divthree-p158 with K=360 up to limit 1600
[2025-12-12 07:35:56] [generate_cnf] Generating formula qspiflash_dualflexpress_divthree-p158 with K=361
[2025-12-12 07:36:00] [run_formula] Running formula qspiflash_dualflexpress_divthree-p158 with K=361 up to limit 1600
[2025-12-12 07:36:02] [generate_cnf] Generating formula qspiflash_dualflexpress_divthree-p158 with K=362
[2025-12-12 07:36:05] [run_formula] Running formula qspiflash_dualflexpress_divthree-p158 with K=362 up to limit 1600
[2025-12-12 07:36:07] [generate_cnf] Generating formula qspiflash_dualflexpress_divthree-p158 with K=363
[2025-12-12 07:36:10] [run_formula] Running formula qspiflash_dualflexpress_divthree-p158 with K=363 up to limit 1600
[2025-12-12 07:36:12] [generate_cnf] Generating formula qspiflash_dualflexpress_divthree-p158 with K=364
[2025-12-12 07:36:15] [run_formula] Running formula qspiflash_dualflexpress_divthree-p158 with K=364 up to limit 1600
[2025-12-12 07:36:17] [generate_cnf] Generating formula qspiflash_dualflexpress_divthree-p158 with K=365
[2025-12-12 07:36:20] [run_formula] Running formula qspiflash_dualflexpress_divthree-p158 with K=365 up to limit 1600
[2025-12-12 07:36:22] [generate_cnf] Generating formula qspiflash_dualflexpress_divthree-p158 with K=366
[2025-12-12 07:36:25] [run_formula] Running formula qspiflash_dualflexpress_divthree-p158 with K=366 up to limit 1600
[2025-12-12 07:36:27] [generate_cnf] Generating formula qspiflash_dualflexpress_divthree-p158 with K=367
[2025-12-12 07:36:30] [run_formula] Running formula qspiflash_dualflexpress_divthree-p158 with K=367 up to limit 1600
[2025-12-12 07:36:32] [generate_cnf] Generating formula qspiflash_dualflexpress_divthree-p158 with K=368
[2025-12-12 07:36:35] [run_formula] Running formula qspiflash_dualflexpress_divthree-p158 with K=368 up to limit 1600
[2025-12-12 07:36:37] [generate_cnf] Generating formula qspiflash_dualflexpress_divthree-p158 with K=369
[2025-12-12 07:36:41] [run_formula] Running formula qspiflash_dualflexpress_divthree-p158 with K=369 up to limit 1600
[2025-12-12 07:36:43] [generate_cnf] Generating formula qspiflash_dualflexpress_divthree-p158 with K=370
[2025-12-12 07:36:46] [run_formula] Running formula qspiflash_dualflexpress_divthree-p158 with K=370 up to limit 1600
[2025-12-12 07:36:48] [generate_cnf] Generating formula qspiflash_dualflexpress_divthree-p158 with K=371
[2025-12-12 07:36:51] [run_formula] Running formula qspiflash_dualflexpress_divthree-p158 with K=371 up to limit 1600
[2025-12-12 07:36:53] [generate_cnf] Generating formula qspiflash_dualflexpress_divthree-p158 with K=372
[2025-12-12 07:36:56] [run_formula] Running formula qspiflash_dualflexpress_divthree-p158 with K=372 up to limit 1600
[2025-12-12 07:36:58] [generate_cnf] Generating formula qspiflash_dualflexpress_divthree-p158 with K=373
[2025-12-12 07:37:01] [run_formula] Running formula qspiflash_dualflexpress_divthree-p158 with K=373 up to limit 1600
[2025-12-12 07:37:03] [generate_cnf] Generating formula qspiflash_dualflexpress_divthree-p158 with K=374
[2025-12-12 07:37:06] [run_formula] Running formula qspiflash_dualflexpress_divthree-p158 with K=374 up to limit 1600
[2025-12-12 07:37:09] [generate_cnf] Generating formula qspiflash_dualflexpress_divthree-p158 with K=375
[2025-12-12 07:37:12] [run_formula] Running formula qspiflash_dualflexpress_divthree-p158 with K=375 up to limit 1600
[2025-12-12 07:37:14] [generate_cnf] Generating formula qspiflash_dualflexpress_divthree-p158 with K=376
[2025-12-12 07:37:17] [run_formula] Running formula qspiflash_dualflexpress_divthree-p158 with K=376 up to limit 1600
[2025-12-12 07:37:19] [generate_cnf] Generating formula qspiflash_dualflexpress_divthree-p158 with K=377
[2025-12-12 07:37:23] [run_formula] Running formula qspiflash_dualflexpress_divthree-p158 with K=377 up to limit 1600
[2025-12-12 07:37:25] [generate_cnf] Generating formula qspiflash_dualflexpress_divthree-p158 with K=378
[2025-12-12 07:37:28] [run_formula] Running formula qspiflash_dualflexpress_divthree-p158 with K=378 up to limit 1600
[2025-12-12 07:37:30] [generate_cnf] Generating formula qspiflash_dualflexpress_divthree-p158 with K=379
[2025-12-12 07:37:33] [run_formula] Running formula qspiflash_dualflexpress_divthree-p158 with K=379 up to limit 1600
[2025-12-12 07:37:46] [generate_cnf] Generating formula qspiflash_dualflexpress_divthree-p158 with K=380
[2025-12-12 07:37:49] [run_formula] Running formula qspiflash_dualflexpress_divthree-p158 with K=380 up to limit 1600
[2025-12-12 07:38:02] [generate_cnf] Generating formula qspiflash_dualflexpress_divthree-p158 with K=381
[2025-12-12 07:38:06] [run_formula] Running formula qspiflash_dualflexpress_divthree-p158 with K=381 up to limit 1600
[2025-12-12 07:38:11] [generate_cnf] Generating formula qspiflash_dualflexpress_divthree-p158 with K=382
[2025-12-12 07:38:14] [run_formula] Running formula qspiflash_dualflexpress_divthree-p158 with K=382 up to limit 1600
[2025-12-12 07:38:19] [generate_cnf] Generating formula qspiflash_dualflexpress_divthree-p158 with K=383
[2025-12-12 07:38:23] [run_formula] Running formula qspiflash_dualflexpress_divthree-p158 with K=383 up to limit 1600
[2025-12-12 07:38:28] [generate_cnf] Generating formula qspiflash_dualflexpress_divthree-p158 with K=384
[2025-12-12 07:38:31] [run_formula] Running formula qspiflash_dualflexpress_divthree-p158 with K=384 up to limit 1600
[2025-12-12 07:38:42] [generate_cnf] Generating formula qspiflash_dualflexpress_divthree-p158 with K=385
[2025-12-12 07:38:45] [run_formula] Running formula qspiflash_dualflexpress_divthree-p158 with K=385 up to limit 1600
[2025-12-12 07:38:56] [generate_cnf] Generating formula qspiflash_dualflexpress_divthree-p158 with K=386
[2025-12-12 07:39:00] [run_formula] Running formula qspiflash_dualflexpress_divthree-p158 with K=386 up to limit 1600
[2025-12-12 07:39:11] [generate_cnf] Generating formula qspiflash_dualflexpress_divthree-p158 with K=387
[2025-12-12 07:39:14] [run_formula] Running formula qspiflash_dualflexpress_divthree-p158 with K=387 up to limit 1600
[2025-12-12 07:39:20] [generate_cnf] Generating formula qspiflash_dualflexpress_divthree-p158 with K=388
[2025-12-12 07:39:23] [run_formula] Running formula qspiflash_dualflexpress_divthree-p158 with K=388 up to limit 1600
[2025-12-12 07:39:31] [generate_cnf] Generating formula qspiflash_dualflexpress_divthree-p158 with K=389
[2025-12-12 07:39:34] [run_formula] Running formula qspiflash_dualflexpress_divthree-p158 with K=389 up to limit 1600
[2025-12-12 07:39:43] [generate_cnf] Generating formula qspiflash_dualflexpress_divthree-p158 with K=390
[2025-12-12 07:39:47] [run_formula] Running formula qspiflash_dualflexpress_divthree-p158 with K=390 up to limit 1600
[2025-12-12 07:39:56] [generate_cnf] Generating formula qspiflash_dualflexpress_divthree-p158 with K=391
[2025-12-12 07:39:59] [run_formula] Running formula qspiflash_dualflexpress_divthree-p158 with K=391 up to limit 1600
[2025-12-12 07:40:09] [generate_cnf] Generating formula qspiflash_dualflexpress_divthree-p158 with K=392
[2025-12-12 07:40:13] [run_formula] Running formula qspiflash_dualflexpress_divthree-p158 with K=392 up to limit 1600
[2025-12-12 07:40:22] [generate_cnf] Generating formula qspiflash_dualflexpress_divthree-p158 with K=393
[2025-12-12 07:40:25] [run_formula] Running formula qspiflash_dualflexpress_divthree-p158 with K=393 up to limit 1600
[2025-12-12 07:40:38] [generate_cnf] Generating formula qspiflash_dualflexpress_divthree-p158 with K=394
[2025-12-12 07:40:41] [run_formula] Running formula qspiflash_dualflexpress_divthree-p158 with K=394 up to limit 1600
[2025-12-12 07:40:47] [generate_cnf] Generating formula qspiflash_dualflexpress_divthree-p158 with K=395
[2025-12-12 07:40:51] [run_formula] Running formula qspiflash_dualflexpress_divthree-p158 with K=395 up to limit 1600
[2025-12-12 07:41:04] [generate_cnf] Generating formula qspiflash_dualflexpress_divthree-p158 with K=396
[2025-12-12 07:41:07] [run_formula] Running formula qspiflash_dualflexpress_divthree-p158 with K=396 up to limit 1600
[2025-12-12 07:41:17] [generate_cnf] Generating formula qspiflash_dualflexpress_divthree-p158 with K=397
[2025-12-12 07:41:20] [run_formula] Running formula qspiflash_dualflexpress_divthree-p158 with K=397 up to limit 1600
[2025-12-12 07:41:23] [generate_cnf] Generating formula qspiflash_dualflexpress_divthree-p158 with K=398
[2025-12-12 07:41:27] [run_formula] Running formula qspiflash_dualflexpress_divthree-p158 with K=398 up to limit 1600
[2025-12-12 07:41:29] [generate_cnf] Generating formula qspiflash_dualflexpress_divthree-p158 with K=399
[2025-12-12 07:41:33] [run_formula] Running formula qspiflash_dualflexpress_divthree-p158 with K=399 up to limit 1600
[2025-12-12 07:41:35] [generate_cnf] Generating formula qspiflash_dualflexpress_divthree-p158 with K=400
[2025-12-12 07:41:39] [run_formula] Running formula qspiflash_dualflexpress_divthree-p158 with K=400 up to limit 1600
[2025-12-12 07:41:42] [generate_cnf] Generating formula qspiflash_dualflexpress_divthree-p158 with K=401
[2025-12-12 07:41:45] [run_formula] Running formula qspiflash_dualflexpress_divthree-p158 with K=401 up to limit 1600
[2025-12-12 07:41:48] [generate_cnf] Generating formula qspiflash_dualflexpress_divthree-p158 with K=402
[2025-12-12 07:41:52] [run_formula] Running formula qspiflash_dualflexpress_divthree-p158 with K=402 up to limit 1600
[2025-12-12 07:41:55] [generate_cnf] Generating formula qspiflash_dualflexpress_divthree-p158 with K=403
[2025-12-12 07:41:58] [run_formula] Running formula qspiflash_dualflexpress_divthree-p158 with K=403 up to limit 1600
[2025-12-12 07:42:02] [generate_cnf] Generating formula qspiflash_dualflexpress_divthree-p158 with K=404
[2025-12-12 07:42:05] [run_formula] Running formula qspiflash_dualflexpress_divthree-p158 with K=404 up to limit 1600
[2025-12-12 07:42:09] [generate_cnf] Generating formula qspiflash_dualflexpress_divthree-p158 with K=405
[2025-12-12 07:42:12] [run_formula] Running formula qspiflash_dualflexpress_divthree-p158 with K=405 up to limit 1600
[2025-12-12 07:42:15] [generate_cnf] Generating formula qspiflash_dualflexpress_divthree-p158 with K=406
[2025-12-12 07:42:19] [run_formula] Running formula qspiflash_dualflexpress_divthree-p158 with K=406 up to limit 1600
[2025-12-12 07:42:22] [generate_cnf] Generating formula qspiflash_dualflexpress_divthree-p158 with K=407
[2025-12-12 07:42:26] [run_formula] Running formula qspiflash_dualflexpress_divthree-p158 with K=407 up to limit 1600
[2025-12-12 07:42:32] [generate_cnf] Generating formula qspiflash_dualflexpress_divthree-p158 with K=408
[2025-12-12 07:42:35] [run_formula] Running formula qspiflash_dualflexpress_divthree-p158 with K=408 up to limit 1600
[2025-12-12 07:42:39] [generate_cnf] Generating formula qspiflash_dualflexpress_divthree-p158 with K=409
[2025-12-12 07:42:42] [run_formula] Running formula qspiflash_dualflexpress_divthree-p158 with K=409 up to limit 1600
[2025-12-12 07:42:45] [generate_cnf] Generating formula qspiflash_dualflexpress_divthree-p158 with K=410
[2025-12-12 07:42:49] [run_formula] Running formula qspiflash_dualflexpress_divthree-p158 with K=410 up to limit 1600
[2025-12-12 07:42:56] [generate_cnf] Generating formula qspiflash_dualflexpress_divthree-p158 with K=411
[2025-12-12 07:43:00] [run_formula] Running formula qspiflash_dualflexpress_divthree-p158 with K=411 up to limit 1600
[2025-12-12 07:43:13] [generate_cnf] Generating formula qspiflash_dualflexpress_divthree-p158 with K=412
[2025-12-12 07:43:17] [run_formula] Running formula qspiflash_dualflexpress_divthree-p158 with K=412 up to limit 1600
[2025-12-12 07:43:24] [generate_cnf] Generating formula qspiflash_dualflexpress_divthree-p158 with K=413
[2025-12-12 07:43:28] [run_formula] Running formula qspiflash_dualflexpress_divthree-p158 with K=413 up to limit 1600
[2025-12-12 07:43:36] [generate_cnf] Generating formula qspiflash_dualflexpress_divthree-p158 with K=414
[2025-12-12 07:43:39] [run_formula] Running formula qspiflash_dualflexpress_divthree-p158 with K=414 up to limit 1600
[2025-12-12 07:43:47] [generate_cnf] Generating formula qspiflash_dualflexpress_divthree-p158 with K=415
[2025-12-12 07:43:51] [run_formula] Running formula qspiflash_dualflexpress_divthree-p158 with K=415 up to limit 1600
[2025-12-12 07:43:58] [generate_cnf] Generating formula qspiflash_dualflexpress_divthree-p158 with K=416
[2025-12-12 07:44:02] [run_formula] Running formula qspiflash_dualflexpress_divthree-p158 with K=416 up to limit 1600
[2025-12-12 07:44:09] [generate_cnf] Generating formula qspiflash_dualflexpress_divthree-p158 with K=417
[2025-12-12 07:44:13] [run_formula] Running formula qspiflash_dualflexpress_divthree-p158 with K=417 up to limit 1600
[2025-12-12 07:44:20] [generate_cnf] Generating formula qspiflash_dualflexpress_divthree-p158 with K=418
[2025-12-12 07:44:24] [run_formula] Running formula qspiflash_dualflexpress_divthree-p158 with K=418 up to limit 1600
[2025-12-12 07:44:31] [generate_cnf] Generating formula qspiflash_dualflexpress_divthree-p158 with K=419
[2025-12-12 07:44:35] [run_formula] Running formula qspiflash_dualflexpress_divthree-p158 with K=419 up to limit 1600
[2025-12-12 07:44:43] [generate_cnf] Generating formula qspiflash_dualflexpress_divthree-p158 with K=420
[2025-12-12 07:44:47] [run_formula] Running formula qspiflash_dualflexpress_divthree-p158 with K=420 up to limit 1600
[2025-12-12 07:44:54] [generate_cnf] Generating formula qspiflash_dualflexpress_divthree-p158 with K=421
[2025-12-12 07:44:58] [run_formula] Running formula qspiflash_dualflexpress_divthree-p158 with K=421 up to limit 1600
[2025-12-12 07:45:06] [generate_cnf] Generating formula qspiflash_dualflexpress_divthree-p158 with K=422
[2025-12-12 07:45:10] [run_formula] Running formula qspiflash_dualflexpress_divthree-p158 with K=422 up to limit 1600
[2025-12-12 07:45:17] [generate_cnf] Generating formula qspiflash_dualflexpress_divthree-p158 with K=423
[2025-12-12 07:45:21] [run_formula] Running formula qspiflash_dualflexpress_divthree-p158 with K=423 up to limit 1600
[2025-12-12 07:46:08] [generate_cnf] Generating formula qspiflash_dualflexpress_divthree-p158 with K=424
[2025-12-12 07:46:11] [run_formula] Running formula qspiflash_dualflexpress_divthree-p158 with K=424 up to limit 1600
[2025-12-12 07:46:20] [generate_cnf] Generating formula qspiflash_dualflexpress_divthree-p158 with K=425
[2025-12-12 07:46:23] [run_formula] Running formula qspiflash_dualflexpress_divthree-p158 with K=425 up to limit 1600
[2025-12-12 07:46:58] [generate_cnf] Generating formula qspiflash_dualflexpress_divthree-p158 with K=426
[2025-12-12 07:47:02] [run_formula] Running formula qspiflash_dualflexpress_divthree-p158 with K=426 up to limit 1600
[2025-12-12 07:47:10] [generate_cnf] Generating formula qspiflash_dualflexpress_divthree-p158 with K=427
[2025-12-12 07:47:14] [run_formula] Running formula qspiflash_dualflexpress_divthree-p158 with K=427 up to limit 1600
[2025-12-12 07:47:22] [generate_cnf] Generating formula qspiflash_dualflexpress_divthree-p158 with K=428
[2025-12-12 07:47:25] [run_formula] Running formula qspiflash_dualflexpress_divthree-p158 with K=428 up to limit 1600
[2025-12-12 07:47:33] [generate_cnf] Generating formula qspiflash_dualflexpress_divthree-p158 with K=429
[2025-12-12 07:47:37] [run_formula] Running formula qspiflash_dualflexpress_divthree-p158 with K=429 up to limit 1600
[2025-12-12 07:47:44] [generate_cnf] Generating formula qspiflash_dualflexpress_divthree-p158 with K=430
[2025-12-12 07:47:48] [run_formula] Running formula qspiflash_dualflexpress_divthree-p158 with K=430 up to limit 1600
[2025-12-12 07:47:56] [generate_cnf] Generating formula qspiflash_dualflexpress_divthree-p158 with K=431
[2025-12-12 07:48:00] [run_formula] Running formula qspiflash_dualflexpress_divthree-p158 with K=431 up to limit 1600
[2025-12-12 07:48:08] [generate_cnf] Generating formula qspiflash_dualflexpress_divthree-p158 with K=432
[2025-12-12 07:48:12] [run_formula] Running formula qspiflash_dualflexpress_divthree-p158 with K=432 up to limit 1600
[2025-12-12 07:48:55] [generate_cnf] Generating formula qspiflash_dualflexpress_divthree-p158 with K=433
[2025-12-12 07:48:59] [run_formula] Running formula qspiflash_dualflexpress_divthree-p158 with K=433 up to limit 1600
[2025-12-12 07:49:06] [generate_cnf] Generating formula qspiflash_dualflexpress_divthree-p158 with K=434
[2025-12-12 07:49:10] [run_formula] Running formula qspiflash_dualflexpress_divthree-p158 with K=434 up to limit 1600
[2025-12-12 07:49:18] [generate_cnf] Generating formula qspiflash_dualflexpress_divthree-p158 with K=435
[2025-12-12 07:49:22] [run_formula] Running formula qspiflash_dualflexpress_divthree-p158 with K=435 up to limit 1600
[2025-12-12 07:49:30] [generate_cnf] Generating formula qspiflash_dualflexpress_divthree-p158 with K=436
[2025-12-12 07:49:34] [run_formula] Running formula qspiflash_dualflexpress_divthree-p158 with K=436 up to limit 1600
[2025-12-12 07:49:43] [generate_cnf] Generating formula qspiflash_dualflexpress_divthree-p158 with K=437
[2025-12-12 07:49:48] [run_formula] Running formula qspiflash_dualflexpress_divthree-p158 with K=437 up to limit 1600
[2025-12-12 07:49:58] [generate_cnf] Generating formula qspiflash_dualflexpress_divthree-p158 with K=438
[2025-12-12 07:50:01] [run_formula] Running formula qspiflash_dualflexpress_divthree-p158 with K=438 up to limit 1600
[2025-12-12 07:50:09] [generate_cnf] Generating formula qspiflash_dualflexpress_divthree-p158 with K=439
[2025-12-12 07:50:13] [run_formula] Running formula qspiflash_dualflexpress_divthree-p158 with K=439 up to limit 1600
[2025-12-12 07:50:51] [generate_cnf] Generating formula qspiflash_dualflexpress_divthree-p158 with K=440
[2025-12-12 07:50:55] [run_formula] Running formula qspiflash_dualflexpress_divthree-p158 with K=440 up to limit 1600
[2025-12-12 07:51:04] [generate_cnf] Generating formula qspiflash_dualflexpress_divthree-p158 with K=441
[2025-12-12 07:51:08] [run_formula] Running formula qspiflash_dualflexpress_divthree-p158 with K=441 up to limit 1600
[2025-12-12 07:51:17] [generate_cnf] Generating formula qspiflash_dualflexpress_divthree-p158 with K=442
[2025-12-12 07:51:21] [run_formula] Running formula qspiflash_dualflexpress_divthree-p158 with K=442 up to limit 1600
[2025-12-12 07:51:31] [generate_cnf] Generating formula qspiflash_dualflexpress_divthree-p158 with K=443
[2025-12-12 07:51:35] [run_formula] Running formula qspiflash_dualflexpress_divthree-p158 with K=443 up to limit 1600
[2025-12-12 07:51:45] [generate_cnf] Generating formula qspiflash_dualflexpress_divthree-p158 with K=444
[2025-12-12 07:51:48] [run_formula] Running formula qspiflash_dualflexpress_divthree-p158 with K=444 up to limit 1600
[2025-12-12 07:51:59] [generate_cnf] Generating formula qspiflash_dualflexpress_divthree-p158 with K=445
[2025-12-12 07:52:02] [run_formula] Running formula qspiflash_dualflexpress_divthree-p158 with K=445 up to limit 1600
[2025-12-12 07:52:40] [generate_cnf] Generating formula qspiflash_dualflexpress_divthree-p158 with K=446
[2025-12-12 07:52:43] [run_formula] Running formula qspiflash_dualflexpress_divthree-p158 with K=446 up to limit 1600
[2025-12-12 07:53:13] [generate_cnf] Generating formula qspiflash_dualflexpress_divthree-p158 with K=447
[2025-12-12 07:53:17] [run_formula] Running formula qspiflash_dualflexpress_divthree-p158 with K=447 up to limit 1600
[2025-12-12 07:53:51] [generate_cnf] Generating formula qspiflash_dualflexpress_divthree-p158 with K=448
[2025-12-12 07:53:55] [run_formula] Running formula qspiflash_dualflexpress_divthree-p158 with K=448 up to limit 1600
[2025-12-12 07:54:04] [generate_cnf] Generating formula qspiflash_dualflexpress_divthree-p158 with K=449
[2025-12-12 07:54:08] [run_formula] Running formula qspiflash_dualflexpress_divthree-p158 with K=449 up to limit 1600
[2025-12-12 07:54:17] [generate_cnf] Generating formula qspiflash_dualflexpress_divthree-p158 with K=450
[2025-12-12 07:54:21] [run_formula] Running formula qspiflash_dualflexpress_divthree-p158 with K=450 up to limit 1600
[2025-12-12 07:54:45] [generate_cnf] Generating formula qspiflash_dualflexpress_divthree-p158 with K=451
[2025-12-12 07:54:49] [run_formula] Running formula qspiflash_dualflexpress_divthree-p158 with K=451 up to limit 1600
[2025-12-12 07:55:24] [generate_cnf] Generating formula qspiflash_dualflexpress_divthree-p158 with K=452
[2025-12-12 07:55:28] [run_formula] Running formula qspiflash_dualflexpress_divthree-p158 with K=452 up to limit 1600
[2025-12-12 07:55:56] [generate_cnf] Generating formula qspiflash_dualflexpress_divthree-p158 with K=453
[2025-12-12 07:56:00] [run_formula] Running formula qspiflash_dualflexpress_divthree-p158 with K=453 up to limit 1600
[2025-12-12 07:56:38] [generate_cnf] Generating formula qspiflash_dualflexpress_divthree-p158 with K=454
[2025-12-12 07:56:42] [run_formula] Running formula qspiflash_dualflexpress_divthree-p158 with K=454 up to limit 1600
[2025-12-12 07:57:20] [generate_cnf] Generating formula qspiflash_dualflexpress_divthree-p158 with K=455
[2025-12-12 07:57:24] [run_formula] Running formula qspiflash_dualflexpress_divthree-p158 with K=455 up to limit 1600
[2025-12-12 07:57:50] [generate_cnf] Generating formula qspiflash_dualflexpress_divthree-p158 with K=456
[2025-12-12 07:57:54] [run_formula] Running formula qspiflash_dualflexpress_divthree-p158 with K=456 up to limit 1600
[2025-12-12 07:58:22] [generate_cnf] Generating formula qspiflash_dualflexpress_divthree-p158 with K=457
[2025-12-12 07:58:26] [run_formula] Running formula qspiflash_dualflexpress_divthree-p158 with K=457 up to limit 1600
[2025-12-12 07:58:54] [generate_cnf] Generating formula qspiflash_dualflexpress_divthree-p158 with K=458
[2025-12-12 07:58:58] [run_formula] Running formula qspiflash_dualflexpress_divthree-p158 with K=458 up to limit 1600
[2025-12-12 07:59:08] [generate_cnf] Generating formula qspiflash_dualflexpress_divthree-p158 with K=459
[2025-12-12 07:59:12] [run_formula] Running formula qspiflash_dualflexpress_divthree-p158 with K=459 up to limit 1600
[2025-12-12 07:59:27] [generate_cnf] Generating formula qspiflash_dualflexpress_divthree-p158 with K=460
[2025-12-12 07:59:31] [run_formula] Running formula qspiflash_dualflexpress_divthree-p158 with K=460 up to limit 1600
[2025-12-12 07:59:43] [generate_cnf] Generating formula qspiflash_dualflexpress_divthree-p158 with K=461
[2025-12-12 07:59:47] [run_formula] Running formula qspiflash_dualflexpress_divthree-p158 with K=461 up to limit 1600
[2025-12-12 08:00:20] [generate_cnf] Generating formula qspiflash_dualflexpress_divthree-p158 with K=462
[2025-12-12 08:00:24] [run_formula] Running formula qspiflash_dualflexpress_divthree-p158 with K=462 up to limit 1600
[2025-12-12 08:01:00] [generate_cnf] Generating formula qspiflash_dualflexpress_divthree-p158 with K=463
[2025-12-12 08:01:04] [run_formula] Running formula qspiflash_dualflexpress_divthree-p158 with K=463 up to limit 1600
[2025-12-12 08:01:40] [generate_cnf] Generating formula qspiflash_dualflexpress_divthree-p158 with K=464
[2025-12-12 08:01:44] [run_formula] Running formula qspiflash_dualflexpress_divthree-p158 with K=464 up to limit 1600
[2025-12-12 08:02:22] [generate_cnf] Generating formula qspiflash_dualflexpress_divthree-p158 with K=465
[2025-12-12 08:02:26] [run_formula] Running formula qspiflash_dualflexpress_divthree-p158 with K=465 up to limit 1600
[2025-12-12 08:03:14] [generate_cnf] Generating formula qspiflash_dualflexpress_divthree-p158 with K=466
[2025-12-12 08:03:18] [run_formula] Running formula qspiflash_dualflexpress_divthree-p158 with K=466 up to limit 1600
[2025-12-12 08:03:33] [generate_cnf] Generating formula qspiflash_dualflexpress_divthree-p158 with K=467
[2025-12-12 08:03:37] [run_formula] Running formula qspiflash_dualflexpress_divthree-p158 with K=467 up to limit 1600
[2025-12-12 08:03:46] [generate_cnf] Generating formula qspiflash_dualflexpress_divthree-p158 with K=468
[2025-12-12 08:03:50] [run_formula] Running formula qspiflash_dualflexpress_divthree-p158 with K=468 up to limit 1600
[2025-12-12 08:04:10] [generate_cnf] Generating formula qspiflash_dualflexpress_divthree-p158 with K=469
[2025-12-12 08:04:14] [run_formula] Running formula qspiflash_dualflexpress_divthree-p158 with K=469 up to limit 1600
[2025-12-12 08:04:59] [generate_cnf] Generating formula qspiflash_dualflexpress_divthree-p158 with K=470
[2025-12-12 08:05:03] [run_formula] Running formula qspiflash_dualflexpress_divthree-p158 with K=470 up to limit 1600
[2025-12-12 08:05:15] [generate_cnf] Generating formula qspiflash_dualflexpress_divthree-p158 with K=471
[2025-12-12 08:05:19] [run_formula] Running formula qspiflash_dualflexpress_divthree-p158 with K=471 up to limit 1600
[2025-12-12 08:05:36] [generate_cnf] Generating formula qspiflash_dualflexpress_divthree-p158 with K=472
[2025-12-12 08:05:41] [run_formula] Running formula qspiflash_dualflexpress_divthree-p158 with K=472 up to limit 1600
[2025-12-12 08:06:19] [generate_cnf] Generating formula qspiflash_dualflexpress_divthree-p158 with K=473
[2025-12-12 08:06:24] [run_formula] Running formula qspiflash_dualflexpress_divthree-p158 with K=473 up to limit 1600
[2025-12-12 08:07:00] [generate_cnf] Generating formula qspiflash_dualflexpress_divthree-p158 with K=474
[2025-12-12 08:07:05] [run_formula] Running formula qspiflash_dualflexpress_divthree-p158 with K=474 up to limit 1600
[2025-12-12 08:07:52] [generate_cnf] Generating formula qspiflash_dualflexpress_divthree-p158 with K=475
[2025-12-12 08:07:56] [run_formula] Running formula qspiflash_dualflexpress_divthree-p158 with K=475 up to limit 1600
[2025-12-12 08:08:35] [generate_cnf] Generating formula qspiflash_dualflexpress_divthree-p158 with K=476
[2025-12-12 08:08:39] [run_formula] Running formula qspiflash_dualflexpress_divthree-p158 with K=476 up to limit 1600
[2025-12-12 08:09:18] [generate_cnf] Generating formula qspiflash_dualflexpress_divthree-p158 with K=477
[2025-12-12 08:09:23] [run_formula] Running formula qspiflash_dualflexpress_divthree-p158 with K=477 up to limit 1600
[2025-12-12 08:10:06] [generate_cnf] Generating formula qspiflash_dualflexpress_divthree-p158 with K=478
[2025-12-12 08:10:10] [run_formula] Running formula qspiflash_dualflexpress_divthree-p158 with K=478 up to limit 1600
[2025-12-12 08:10:53] [generate_cnf] Generating formula qspiflash_dualflexpress_divthree-p158 with K=479
[2025-12-12 08:10:57] [run_formula] Running formula qspiflash_dualflexpress_divthree-p158 with K=479 up to limit 1600
[2025-12-12 08:11:42] [generate_cnf] Generating formula qspiflash_dualflexpress_divthree-p158 with K=480
[2025-12-12 08:11:46] [run_formula] Running formula qspiflash_dualflexpress_divthree-p158 with K=480 up to limit 1600
[2025-12-12 08:12:03] [generate_cnf] Generating formula qspiflash_dualflexpress_divthree-p158 with K=481
[2025-12-12 08:12:07] [run_formula] Running formula qspiflash_dualflexpress_divthree-p158 with K=481 up to limit 1600
[2025-12-12 08:12:58] [generate_cnf] Generating formula qspiflash_dualflexpress_divthree-p158 with K=482
[2025-12-12 08:13:02] [run_formula] Running formula qspiflash_dualflexpress_divthree-p158 with K=482 up to limit 1600
[2025-12-12 08:13:41] [generate_cnf] Generating formula qspiflash_dualflexpress_divthree-p158 with K=483
[2025-12-12 08:13:46] [run_formula] Running formula qspiflash_dualflexpress_divthree-p158 with K=483 up to limit 1600
[2025-12-12 08:14:17] [generate_cnf] Generating formula qspiflash_dualflexpress_divthree-p158 with K=484
[2025-12-12 08:14:21] [run_formula] Running formula qspiflash_dualflexpress_divthree-p158 with K=484 up to limit 1600
[2025-12-12 08:15:06] [generate_cnf] Generating formula qspiflash_dualflexpress_divthree-p158 with K=485
[2025-12-12 08:15:10] [run_formula] Running formula qspiflash_dualflexpress_divthree-p158 with K=485 up to limit 1600
[2025-12-12 08:15:49] [generate_cnf] Generating formula qspiflash_dualflexpress_divthree-p158 with K=486
[2025-12-12 08:15:54] [run_formula] Running formula qspiflash_dualflexpress_divthree-p158 with K=486 up to limit 1600
[2025-12-12 08:16:25] [generate_cnf] Generating formula qspiflash_dualflexpress_divthree-p158 with K=487
[2025-12-12 08:16:30] [run_formula] Running formula qspiflash_dualflexpress_divthree-p158 with K=487 up to limit 1600
[2025-12-12 08:17:08] [generate_cnf] Generating formula qspiflash_dualflexpress_divthree-p158 with K=488
[2025-12-12 08:17:12] [run_formula] Running formula qspiflash_dualflexpress_divthree-p158 with K=488 up to limit 1600
[2025-12-12 08:17:44] [generate_cnf] Generating formula qspiflash_dualflexpress_divthree-p158 with K=489
[2025-12-12 08:17:48] [run_formula] Running formula qspiflash_dualflexpress_divthree-p158 with K=489 up to limit 1600
[2025-12-12 08:18:25] [generate_cnf] Generating formula qspiflash_dualflexpress_divthree-p158 with K=490
[2025-12-12 08:18:29] [run_formula] Running formula qspiflash_dualflexpress_divthree-p158 with K=490 up to limit 1600
[2025-12-12 08:19:09] [generate_cnf] Generating formula qspiflash_dualflexpress_divthree-p158 with K=491
[2025-12-12 08:19:13] [run_formula] Running formula qspiflash_dualflexpress_divthree-p158 with K=491 up to limit 1600
[2025-12-12 08:19:48] [generate_cnf] Generating formula qspiflash_dualflexpress_divthree-p158 with K=492
[2025-12-12 08:19:52] [run_formula] Running formula qspiflash_dualflexpress_divthree-p158 with K=492 up to limit 1600
[2025-12-12 08:20:23] [generate_cnf] Generating formula qspiflash_dualflexpress_divthree-p158 with K=493
[2025-12-12 08:20:28] [run_formula] Running formula qspiflash_dualflexpress_divthree-p158 with K=493 up to limit 1600
[2025-12-12 08:20:52] [generate_cnf] Generating formula qspiflash_dualflexpress_divthree-p158 with K=494
[2025-12-12 08:20:56] [run_formula] Running formula qspiflash_dualflexpress_divthree-p158 with K=494 up to limit 1600
[2025-12-12 08:21:34] [generate_cnf] Generating formula qspiflash_dualflexpress_divthree-p158 with K=495
[2025-12-12 08:21:38] [run_formula] Running formula qspiflash_dualflexpress_divthree-p158 with K=495 up to limit 1600
[2025-12-12 08:22:15] [generate_cnf] Generating formula qspiflash_dualflexpress_divthree-p158 with K=496
[2025-12-12 08:22:19] [run_formula] Running formula qspiflash_dualflexpress_divthree-p158 with K=496 up to limit 1600
[2025-12-12 08:22:50] [generate_cnf] Generating formula qspiflash_dualflexpress_divthree-p158 with K=497
[2025-12-12 08:22:54] [run_formula] Running formula qspiflash_dualflexpress_divthree-p158 with K=497 up to limit 1600
[2025-12-12 08:23:23] [generate_cnf] Generating formula qspiflash_dualflexpress_divthree-p158 with K=498
[2025-12-12 08:23:28] [run_formula] Running formula qspiflash_dualflexpress_divthree-p158 with K=498 up to limit 1600
[2025-12-12 08:24:16] [generate_cnf] Generating formula qspiflash_dualflexpress_divthree-p158 with K=499
[2025-12-12 08:24:21] [run_formula] Running formula qspiflash_dualflexpress_divthree-p158 with K=499 up to limit 1600
[2025-12-12 08:24:43] [generate_cnf] Generating formula qspiflash_dualflexpress_divthree-p158 with K=500
[2025-12-12 08:24:47] [run_formula] Running formula qspiflash_dualflexpress_divthree-p158 with K=500 up to limit 1600
